"upc","descrip","price","q","sales","volsales","unit","marca","importada","artesanal"
307,"HEINEKEN KINGSIZE CA",0.45596623,107.880802154541,49.1900000572205,38297.6831054688,"Oz","HEINEKEN",1,0
710,"BUDWEISER BEER",0.50495952,215.928194046021,107.909997940064,76654.51171875,"Oz","BUDWEISER",0,0
711,"BUDWEISER DRY BEER",0.49974945,167.944152832031,81.9300003051758,59620.17578125,"Oz","BUDWEISER",0,0
712,"BUDWEISER LIGHT BEER",0.45806894,23.9920215606689,10.9899997711182,8517.16796875,"Oz","BUDWEISER",0,0
720,"COORS BEER",0.46848905,95.9680862426758,44.9599981307983,34068.671875,"Oz","COORS",0,0
721,"COORS EXTRA GOLD BEE",0.54143,23.9920215606689,12.9899997711182,8517.16796875,"Oz","COORS",0,0
723,"KEYSTONE REGULAR BEE",0.37470788,23.9920215606689,8.98999977111816,8517.16796875,"Oz","KEYSTONE",0,0
731,"MILLER HIGH LIFE PAR",0.43314397,29.9900283813477,12.9899997711182,10646.4599609375,"Oz","MILLER",0,0
732,"MILLER LITE BEER",0.45806894,23.9920215606689,10.9899997711182,8517.16796875,"Oz","MILLER",0,0
735,"MILWAUKEE'S BEST BEE",0.32781729,95.9680862426758,31.4599990844727,34068.671875,"Oz","MILWAUKEE'S BEST",0,0
740,"OLD MILWAUKEE BEER",0.39554814,23.9920215606689,9.48999977111816,8517.16796875,"Oz","OLD MILWAUKEE",0,0
750,"OLD STYLE BEER",0.46185806,263.912237167358,121.889996528626,93688.84765625,"Oz","OLD STYLE",0,0
757,"OLD STYLE 30PK CANS",0.36994347,2189.27210235596,749.670007705688,777191.58203125,"Oz","OLD STYLE",0,0
772,"STROHS LIGHT BEER",0.38312736,59.9800567626953,22.980001449585,21292.919921875,"Oz","STROH'S",0,1
245006405,"TOSELLI NON-ALCOHOLI",2.8352666,31.690140247345,89.8499979972839,11250,"ML","TOSELLI",1,1
272500010,"MURPHYS IRSH DRAUGHT",1.4134876,12.6707864999771,17.9099990129471,4498.12930297852,"Oz","MURPHY'S IRISH",1,0
272500017,"MURPHYS IRSH AMBER (",1.0820264,11.9960107803345,12.9799995422363,4258.583984375,"Oz","MURPHY'S IRISH",1,0
943922532,"FULLERS EXTRA BEST S",1.2810328,1421.52728271484,1814.12994575501,504642.202148438,"Oz","FULLERS",1,0
948700005,"AMSTEL LIGHT BIER",1.1059232,1632.05731523037,1804.93001389504,579380.350585938,"Oz","AMSTEL",1,0
1035700155,"O.B. KOREAN IMPORTED",0.83194321,1259.58115005493,1047.89998435974,447151.319335938,"Oz","O.B.",1,0
1604110011,"GRANTS SCOTTISH ALE",1.3916531,47.9840431213379,66.9199981689453,17034.3359375,"Oz","GRANTS",0,0
1820000008,"BUDWEISER BEER N.R.B",0.67839032,124857.148505926,84417.7005944252,44324287.7926636,"Oz","BUDWEISER",0,0
1820000016,"BUDWEISER BEER",0.63250071,911570.889528275,571693.82968998,323607668.460938,"Oz","BUDWEISER",0,0
1820000018,"BUDWEISER BEER",0.61563581,31669.4685630798,19358.9993419647,11242661.4257812,"Oz","BUDWEISER",0,0
1820000019,"MICHELOB REGULAR BEE",0.69069856,2621.12838172913,1797.62993526459,930500.600585938,"Oz","MICHELOB",0,0
1820000031,"BUSCH LIGHT BEER",0.48182681,5.99800539016724,2.8899998664856,2129.2919921875,"Oz","BUSCH",0,0
1820000051,"BUSCH BEER",0.4599894,256660.65496397,114899.256948233,91114533.8779297,"Oz","BUSCH",0,0
1820000106,"BUDWEISER LIGHT BEER",0.63219714,280658.674428463,176377.176187515,99633831.0927734,"Oz","BUDWEISER",0,0
1820000117,"BUDWEISER LIGHT BEER",0.66941786,9103.63953089714,6130.27010071278,3231792.00970459,"Oz","BUDWEISER",0,0
1820000126,"BUDWEISER BEER N.R.B",0.57753026,4828.39423513412,2817.99004638195,1714079.98046875,"Oz","BUDWEISER",0,0
1820000157,"O'DOUL'S NON-ALCH CA",0.6495204,79455.5788259506,50666.1777980328,28206731.0683594,"Oz","O'DOUL'S",0,0
1820000182,"MICHELOB DRY CANS",0.68189329,1055.6489572525,717.139970779419,374755.390625,"Oz","MICHELOB",0,0
1820000188,"BUSCH LIGHT BEER",0.45802721,90893.7751970291,40745.5387074947,32267290.8857422,"Oz","BUSCH",0,0
1820000202,"BUDWEISER DRY BEER",0.61795163,34452.5432696342,21233.1993176937,12230653.2041016,"Oz","BUDWEISER",0,0
1820000489,"BUDWEISER ""ICE"" DRAF",0.66428822,8163.28542661667,5421.92970371246,2897966.40234375,"Oz","BUDWEISER",0,0
1820000610,"ELEPHANT RED ALE",1.0820264,65.9780592918396,71.3899974822998,23422.2119140625,"Oz","ELEPHANT",1,0
1820000613,"RED WOLF LAGER LNNR",0.62146777,82232.6556682587,49958.8703947067,29192593.2441406,"Oz","RED WOLF",0,0
1820000617,"RED WOLF LAGER LNNR",0.63399255,107718.181997299,66944.6374721527,38239955.0205078,"Oz","RED WOLF",0,0
1820000618,"ELK MOUNTAIN RED LAG",0.92453551,1277.57515382767,1178.36995601654,453539.194335938,"Oz","ELK MOUNTAIN",0,1
1820000622,"ELK MOUNTAIN AMBER A",0.88064361,347.884314060211,301.219990730286,123498.935546875,"Oz","ELK MOUNTAIN",0,1
1820000637,"BUDWEISER LIGHT CUBE",0.47661677,263.912239074707,124.849998474121,93688.84765625,"Oz","BUDWEISER",0,0
1820000644,"BUDWEISER ICE DRAFT",0.59032804,163589.6030159,89740.2598881721,58074309.9121094,"Oz","BUDWEISER",0,0
1820000646,"BUDWEISER ""ICE"" DRAF",0.63118345,77182.3349552155,47539.6679120064,27399729.4208984,"Oz","BUDWEISER",0,0
1820000647,"BUDWEISER ""ICE"" DRAF",0.62789494,10520.5015296936,6607.73006629944,3734778.15234375,"Oz","BUDWEISER",0,0
1820000649,"ICE DRAFT LIGHT",0.59211248,7425.530834198,3614.67997455597,2636063.48046875,"Oz","ICE DRAFT LIGHT",0,0
1820000651,"ICE DRAFT LIGHT",0.66426837,4276.57789516449,2840.86983799934,1518185.19042969,"Oz","ICE DRAFT LIGHT",0,0
1820000670,"MICHELOB GOLDEN DRAF",0.64767319,73691.4957718849,45029.0682122707,26160481.4619141,"Oz","MICHELOB",0,0
1820000695,"MICHELOB GOLDEN DRAF",0.59442002,357241.209796906,195674.196998119,126820631.253906,"Oz","MICHELOB",0,0
1820000696,"MICHELOB GOLDEN DRAF",0.66714483,1319.5612039566,879.599950790405,468444.23828125,"Oz","MICHELOB",0,0
1820000699,"MICHELOB GOLDEN DRAF",0.59719342,577691.90791893,312898.616351128,205080629.330078,"Oz","MICHELOB",0,0
1820000700,"MICHELOB GOLDEN DRAF",0.64712238,8943.02622175217,5618.65975785255,3174774.36425781,"Oz","MICHELOB",0,0
1820000701,"MICHELOB GOLDEN DRAF",0.49377525,863.712815284729,429.380018234253,306618.04296875,"Oz","MICHELOB",0,0
1820000759,"MICHELOB GOLDEN DRFT",0.64959812,115815.488960266,70220.8674149513,41114499.1279297,"Oz","MICHELOB",0,0
1820000769,"BUDWEISER LIGHT LONG",0.57026732,8565.15184116364,4815.94984292984,3040628.96484375,"Oz","BUDWEISER",0,0
1820000770,"MICHELOB DRY LONGNEC",0.61448854,13663.456442833,8094.10997009277,4850527.16601562,"Oz","MICHELOB",0,0
1820000771,"BUDWEISER BEER LONG",0.57558775,17406.2119979858,9874.30973720551,6179205.37109375,"Oz","BUDWEISER",0,0
1820000773,"BUDWEISER LIGHT BEER",0.64092731,405.865032196045,260.12998008728,144082.088134766,"Oz","BUDWEISER",0,0
1820000774,"BUDWEISER BEER",0.63437462,10113.9699192047,6409.91950309277,3590459.38208008,"Oz","BUDWEISER",0,0
1820000780,"BUDWEISER DRY LONGNE",0.60505885,85627.5263533592,50066.538944006,30397772.5185547,"Oz","BUDWEISER",0,0
1820000781,"BUDWEISER DRY BEER",0.57800156,81524.8901901245,46300.578930378,28941336.765625,"Oz","BUDWEISER",0,0
1820000784,"O'DOUL'S N/A LONGNEC",0.63124526,1150939.29704762,697065.848843098,408583453.84668,"Oz","O'DOUL'S",0,0
1820000800,"MICHELOB DRY LONGNEC",0.67569119,58330.6032295227,38404.7293930054,20707364.6396484,"Oz","MICHELOB",0,0
1820000801,"BUSCH LIGHT BEER",0.44833463,58396.5813217163,25830.1596956253,20730786.8691406,"Oz","BUSCH",0,0
1820000814,"MICHELOB DRY LONGNEC",0.61613512,56153.3277797699,33415.9696092606,19934431.6728516,"Oz","MICHELOB",0,0
1820000830,"BUDWEISER LIGHT LONG",0.61603808,11.9960107803345,7.38999938964844,4258.583984375,"Oz","BUDWEISER",0,0
1820000833,"BUDWEISER LIGHT LONG",0.61907113,429733.10516119,256296.732217789,152555254.370117,"Oz","BUDWEISER",0,0
1820000834,"BUDWEISER BEER LONG",0.62164909,837099.652844906,499436.846929789,297170379.130859,"Oz","BUDWEISER",0,0
1820000846,"CARLSBERG BEER",1.0820264,3988.67360591888,4315.84992218018,1415979.17480469,"Oz","CARLSBERG",1,0
1820000847,"ELEPHANT BEER",1.0820264,5.99800539016724,6.48999977111816,2129.2919921875,"Oz","ELEPHANT",1,0
1820000869,"MICHELOB CLASSIC DAR",0.65006536,69318.949285984,43204.3191566467,24608227.5820312,"Oz","MICHELOB",0,0
1820000877,"BUDWEISER LIGHT NR",0.59777409,383824.370939255,215390.58805275,136257653.53125,"Oz","BUDWEISER",0,0
1820000884,"MICHELOB LIGHT BEER",0.64515579,119552.245791435,70965.8400268555,42441048.0878906,"Oz","MICHELOB",0,0
1820000885,"BUDWEISER LIGHT BEER",0.64092731,149.283688545227,95.6799926757812,52995.7102050781,"Oz","BUDWEISER",0,0
1820000891,"MICHELOB REGULAR BEE",0.65884095,395640.441755295,238759.770373344,140452358.732422,"Oz","MICHELOB",0,0
1820000902,"BUDWEISER LIGHT BEER",0.65093452,9140.96050643921,5933.75987052917,3245040.99804688,"Oz","BUDWEISER",0,0
1820000926,"BUDWEISER BEER N.R.B",0.59896785,806467.837569237,450085.679083824,286296084.857422,"Oz","BUDWEISER",0,0
1820000928,"BUDWEISER BEER LONG",0.61187005,23.9920215606689,14.6799993515015,8517.16796875,"Oz","BUDWEISER",0,0
1820000956,"MICHELOB LIGHT BEER",0.66535807,246805.931088448,155565.397202492,87616107.0224609,"Oz","MICHELOB",0,0
1820000972,"BUDWEISER BEER",0.60773921,17517.5078811646,10600.6691298485,6218715.39990234,"Oz","BUDWEISER",0,0
1820000987,"MICHELOB REGULAR BEE",0.67182136,736549.086384296,466412.874033451,261474928.021484,"Oz","MICHELOB",0,0
1820000988,"MICHELOB REGULAR BEE",0.96375942,4513.49941897392,4353.30008816719,1602292.28601074,"Oz","MICHELOB",0,0
1820000997,"BUDWEISER BEER N.R.B",0.64943641,25143.6393685341,16209.939851284,8925992.05859375,"Oz","BUDWEISER",0,0
1820011047,"BUDWEISER BEER",0.593876,1408199.75083351,812002.326384544,499910916.767578,"Oz","BUDWEISER",0,0
1820011168,"BUDWEISER BEER",0.47643793,4563642.53958702,2132987.40796947,1620093108.32812,"Oz","BUDWEISER",0,0
1820015168,"NATURAL LIGHT",0.34240547,9860.72106552124,3181.7699508667,3500556.03515625,"Oz","NATURAL",0,0
1820023920,"BUDWEISER DRAFT BALL",0.44757521,11609.5855293274,5146.88996696472,4121402.83203125,"GA","BUDWEISER",0,0
1820029031,"BUDWEISER DRY BEER",0.4873319,9380.8805103302,4531.79996681213,3330212.6796875,"Oz","BUDWEISER",0,0
1820029167,"BUDWEISER DRY BEER",0.46422112,193231.744407654,88503.8285865784,68597270.8828125,"Oz","BUDWEISER",0,0
1820041047,"MICHELOB REGULAR BEE",0.66020864,3214.93091869354,2123.31997871399,1141300.5078125,"Oz","MICHELOB",0,0
1820041218,"MICHELOB",0.53312141,7953.35544395447,4196.51998519897,2823441.20605469,"Oz","MICHELOB",0,0
1820043218,"MICHELOB LIGHT",0.52679348,2105.29998397827,1092.83000564575,747381.5,"Oz","MICHELOB",0,0
1820043273,"MICHELOB LIGHT BEER",0.49933264,59.9800539016724,29.9499988555908,21292.919921875,"Oz","MICHELOB",0,0
1820053047,"BUDWEISER LIGHT BEER",0.59171367,662383.742254257,380935.705013275,235146232.427734,"Oz","BUDWEISER",0,0
1820053168,"BUDWEISER LIGHT BEER",0.47562671,1878335.4197731,878861.142692566,666809082.089844,"Oz","BUDWEISER",0,0
1820053178,"BUDWEISER LIGHT BEER",0.47450069,2039.32185935974,968.149993896484,723959.27734375,"Oz","BUDWEISER",0,0
1820057920,"BUDWEISER LT DRAFT B",0.44776958,8583.39025115967,3840.43997955322,3047103.515625,"GA","BUDWEISER",0,0
1820061047,"BUSCH BEER",0.4499132,151173.730856895,66990.3197011948,53666675.4589844,"Oz","BUSCH",0,0
1820061166,"BUSCH BEER",0.35081553,26007.3520240784,9007.2398519516,9232610.1171875,"Oz","BUSCH",0,0
1820061168,"BUSCH BEER",0.35071188,1397967.15125847,478421.964273453,496278344.527344,"Oz","BUSCH",0,0
1820079047,"O'DOUL'S NON ALCOHOL",0.58091247,208286.739135742,116901.547869682,73941793.8417969,"Oz","O'DOUL'S",0,0
1820079283,"O'DOUL'S N/A LONGNEC",0.56761187,3208.93290376663,1805.98993515968,1139171.21582031,"Oz","O'DOUL'S",0,0
1820084167,"ICE DRAFT LIGHT",0.51008362,12235.9311141968,6225.85996818542,4343755.66796875,"Oz","ICE DRAFT LIGHT",0,0
1820086167,"BUSCH LIGHT BEER",0.35039827,801237.570583344,274451.525467873,284439342.167969,"Oz","BUSCH",0,0
1820087167,"BUD ICE",0.48191705,127493.604431152,60892.349858284,45260230.6289062,"Oz","BUD",0,0
1820092867,"MICHELOB GOLDEN DRAF",0.47626939,1219490.49577141,567465.440960884,432919131.753906,"Oz","MICHELOB",0,0
1820092876,"MICHELOB GOLDEN DRAF",0.49780485,19433.5378246307,9581.72004508972,6898906.0703125,"Oz","MICHELOB",0,0
1820096867,"MICHELOB GOLDEN DRAF",0.47567448,831707.439090729,388944.000103951,295256145.390625,"Oz","MICHELOB",0,0
1969380011,"GUINESS STOUT GIFT B",1.2587838,2111.29790401459,2647.36009883881,749510.763183594,"Oz","GUINNESS STOUT",1,1
1975120103,"MORETTI N.R. BTLS",1.1903957,29.9900269508362,35.5499992370605,10646.4599609375,"Oz","MORETTI",1,0
1975120104,"MORETTI N.R. BTLS",1.1297166,677.774610519409,763.969987869263,240609.995117188,"Oz","MORETTI",1,0
2017224253,"CHERRY RAIL BEER",1.1653874,5.99800539016724,6.98999977111816,2129.2919921875,"Oz","CHERRY",0,0
2124222010,"RED HOOK DOUBLE BLAC",1.4677606,194.268741726875,285.140002727508,68965.4027709961,"Oz","RED HOOK",0,1
2124260002,"BLACKHOOK PORTER N.R",1.0820264,1529.49137830734,1654.94995689392,542969.458007812,"Oz","BLACKHOOK",0,0
2124260003,"BALLARD BITTER N.R.",1.0820264,1121.62701320648,1213.62997817993,398177.602539062,"Oz","BALLARD",0,0
2124260006,"RED HOOK ESB N.R.",1.1153073,13843.3965873718,15193.8995780945,4914405.92089844,"Oz","RED HOOK",0,1
2124260007,"WHEAT HOOK N.R.",1.1653874,905.698815822601,1055.48996543884,321523.090820312,"Oz","WHEAT HOOK",0,0
2124260011,"WHEAT HOOK N.R.",1.1653874,1175.60905981064,1370.03995513916,417341.23046875,"Oz","WHEAT HOOK",0,0
2210000047,"PABST LIGHT BEER",0.48516124,713.76264667511,345.329989433289,253385.747070312,"Oz","PABST",0,0
2210000071,"PABST BEER",0.48553175,4012.66566610336,1946.9299557209,1424496.34277344,"Oz","PABST",0,0
2210000170,"PABST BEER",0.47502881,1511.49737167358,717.840003490448,536581.58203125,"Oz","PABST",0,0
2210000171,"PABST BLUE RIBBON",0.3328335,17586.1521663666,5852.66988563538,6243084.140625,"Oz","PABST",0,0
2210000230,"BIG BEAR MALT LIQUOR",0.42218581,3742.08885383606,1583.74996376038,1328441.55224609,"Oz","BIG BEAR",0,0
2210000392,"OLD ENGLISH MALT LIQ",0.56343734,4135.29144287109,2336.33998298645,1468028.47070312,"Oz","OLD ENGLISH",0,0
2210000600,"HAMMS BEER",0.48194066,14311.2410550117,6898.31981110573,5080490.69335938,"Oz","HAMMS",0,0
2210000640,"HAMMS DRAFT BEER",0.48014355,2099.30190324783,1008.83996725082,745252.197265625,"Oz","HAMMS",0,0
2210000700,"HAMMS LIGHT BEER",0.48182681,1001.6669049263,482.629981517792,355591.762695312,"Oz","HAMMS",0,0
2210009510,"PABST GENUINE DRAFT",0.33293805,1727.42557525635,574.859985351562,613236.09375,"Oz","PABST",0,0
2210014392,"OLD ENGLISH BEER 800",0.47810385,13545.4953067303,6474.95007622242,4808650.87988281,"Oz","OLD ENGLISH",0,0
2210018500,"HAMMS BEER",0.45381752,851.716768264771,372.089981079102,302359.462890625,"Oz","HAMMS",0,0
2210018510,"HAMMS BEER",0.33161864,223749.596887589,71853.0686473846,79431108.4453125,"Oz","HAMMS",0,0
2210018570,"HAMMS DRAFT BEER",0.40496793,347.884320259094,136.969994544983,123498.9375,"Oz","HAMMS",0,0
2210018580,"HAMMS DRAFT BEER",0.33051899,163409.661399841,52836.8989696503,58010431.0703125,"Oz","HAMMS",0,0
2210021500,"HAMMS LIGHT BEER",0.46598822,95.9680862426758,44.7199974060059,34068.671875,"Oz","HAMMS",0,0
2210021510,"HAMMS LIGHT BEER",0.32963181,72791.7944869995,23362.0294952393,25841087.6640625,"Oz","HAMMS",0,0
2210047510,"PABST LIGHT",0.31635517,1559.48142242432,493.350009918213,553615.91796875,"Oz","PABST",0,0
2556924161,"SUMMIT EXTRA PALE AL",1.0080847,1421.52728271484,1424.12995147705,504642.202148438,"Oz","SUMMIT",0,1
2556971416,"SUMMIT PORTER - UNIO",1.1520497,161.946146011353,184.72999382019,57490.8837890625,"Oz","SUMMIT",0,1
2791610005,"PIKE PLACE PALE ALE",1.1653874,5.99800539016724,6.98999977111816,2129.2919921875,"Oz","PIKE",0,0
2981520001,"ZYWIEC POLISH BEER N",0.99333912,22156.6325540543,21819.6895742416,7865604.60644531,"Oz","ZYWIEC",1,0
2981520002,"OKOCIM POLISH BEER N",0.99750668,31729.4496207237,31627.5994911194,11263954.6748047,"Oz","OKOCIM",1,0
3354494405,"TSINGTAO BEER",1.0691065,8973.01618146896,9460.55983257294,3185420.82324219,"Oz","TSINGTAO",1,0
3410000004,"MILLER HIGH LIFE BEE",0.62108868,208544.653454781,128875.738077164,74033353.3867188,"Oz","MILLER",0,0
3410000007,"MILLER HIGH LIFE BEE",0.53243238,48167.9821119308,22861.2995386124,17099633.7416992,"Oz","MILLER",0,0
3410000008,"MILLER HIGH LIFE N.R",0.66314441,13870.0545418262,8772.64002799988,4923869.36395264,"Oz","MILLER",0,0
3410000031,"MILLER HIGH LIFE N.R",0.68124354,90628.5309481621,56662.9505512714,32173128.3771973,"Oz","MILLER",0,0
3410000091,"MAGNUM MALT LIQUOR",0.36612171,15258.2590250969,5297.0698748827,5416681.99707031,"Oz","MAGNUM",0,0
3410000104,"MEISTER BRAU BEER",0.38303834,234869.902019501,84104.3781026602,83378816.0585938,"Oz","MEISTER BRAU",0,0
3410000129,"MILLER RED DOG CANS",0.66460901,11870.0528187752,7883.74957704544,4213868.85449219,"Oz","MILLER",0,0
3410000144,"RED DOG 22OZ NR",0.85619366,186.937845468521,158.18000292778,66362.9354248047,"Oz","RED DOG",0,0
3410000154,"MILWAUKEE'S BEST BEE",0.38682383,470321.610339165,174306.408082485,166964173.369141,"Oz","MILWAUKEE'S BEST",0,0
3410000304,"MILLER SHARP'S N/A C",0.51312816,85555.550383091,43933.5796205997,30372221.0087891,"Oz","MILLER",0,0
3410000354,"MILLER LITE BEER",0.63286161,1302167.01671648,816713.322951317,462269292.673828,"Oz","MILLER",0,0
3410000357,"MILLER LITE BEER",0.61262196,30861.7372698784,18633.5593986511,10955916.7932129,"Oz","MILLER",0,0
3410000358,"MILLER LITE BEER N.R",0.67511779,14357.8923025131,9490.01004719734,5097051.76416016,"Oz","MILLER",0,0
3410000359,"MILLER LITE 40OZ NR",0.59716493,7054.32064318657,4212.2300889492,2504283.87158203,"Oz","MILLER",0,0
3410000369,"MILLER LITE 22OZ NR",0.8675611,179.606951236725,155.820003509522,63760.4670410156,"Oz","MILLER",0,0
3410000382,"MILLER LITE BEER N.R",0.69234782,125803.500498056,86293.7211996317,44660242.7316284,"Oz","MILLER",0,0
3410000544,"LEINENKUGEL RED",1.0794334,758.747721195221,810.019995212555,269355.441162109,"Oz","LEINENKUGEL",0,1
3410000554,"MILLER GENUINE DRAFT",0.63338858,779116.931515217,490218.263768196,276586513.435547,"Oz","MILLER",0,0
3410000559,"MILLER GENUINE DRAFT",0.59719855,17590.8165764809,10505.2101979256,6244739.95898438,"Oz","MILLER",0,0
3410000569,"MILLER GENUINE DRAFT",0.8675611,471.010053634644,408.629994869232,167208.569335938,"Oz","MILLER",0,0
3410000581,"MILLER GENUINE DRAFT",0.71358973,67156.3355038166,47931.2111194134,23840499.1625366,"Oz","MILLER",0,0
3410000654,"MILWAUKEE'S BEST LIG",0.38607368,210152.119825363,78267.4786231518,74604003.7099609,"Oz","MILWAUKEE'S BEST",0,0
3410000769,"LEINENKUGEL LIMITED",1.0749701,232.755943894386,249.179999351501,82628.3600463867,"Oz","LEINENKUGEL",0,1
3410000879,"ICEHOUSE CAN",0.6559577,9974.68310403824,6535.26981449127,3541012.58691406,"Oz","ICEHOUSE",0,0
3410000894,"ICEHOUSE 22OX NR",0.8675611,27.4908602237701,23.8500006198883,9759.25524902344,"Oz","ICEHOUSE",0,0
3410000904,"MILLER GENUINE DRAFT",0.63240904,298634.696674347,187796.4363904,106015319.235352,"Oz","MILLER",0,0
3410001225,"MILLER HIGH LIFE N.R",0.53295493,263.912240982056,134.859998941422,93688.8486328125,"Oz","MILLER",0,0
3410001306,"MILLER HIGH LIFE BEE",0.46788734,959153.063354492,436821.85033226,340499341.914062,"Oz","MILLER",0,0
3410001341,"MILLER HIGH LIFE PAR",0.38567725,1743230.38208008,655746.675032616,618846778.209961,"Oz","MILLER",0,0
3410001347,"MILLER HIGH LIFE PAR",0.39238968,269.910255432129,105.909997940064,95818.1396484375,"Oz","MILLER",0,0
3410001505,"MILLER HIGH LIFE LNN",0.60861945,569906.497319698,324082.253372908,202316808.400391,"Oz","MILLER",0,0
3410001518,"MILLER REG BEER",0.64092731,51.3162689208984,32.8899974822998,18217.2761230469,"Oz","MILLER",0,0
3410001525,"MILLER HIGH LIFE N.R",0.61448532,305508.413009644,173938.719033241,108455487.859375,"Oz","MILLER",0,0
3410001528,"MILLER HIGH LIFE N.R",0.56639606,633461.362081528,339855.564879894,224878786.4375,"Oz","MILLER",0,0
3410001579,"MILLER HIGH LIFE NR",0.8289389,38917.5611279011,31851.9701912403,13815734.1881103,"Oz","MILLER",0,0
3410001602,"MILLER HIGH LIFE BEE",0.57428598,414066.312651634,226711.415556431,146993543.636719,"Oz","MILLER",0,0
3410007306,"MILWAUKEE'S BEST LIG",0.31915849,431664.460021973,135636.757850647,153240886.375,"Oz","MILWAUKEE'S BEST",0,0
3410007602,"MILWAUKEE'S BEST LIG",0.3581363,95272.3190345764,33950.6889472008,33821674.0429688,"Oz","MILWAUKEE'S BEST",0,0
3410010505,"MILLER SHARP'S N/A L",0.55772424,1183496.47049952,654803.797105312,420141250.514648,"Oz","MILLER",0,0
3410010602,"SHARPS NON-ALCOHOLIC",0.48041898,303607.043273926,142090.05688715,107780502.320312,"Oz","MILLER",0,0
3410015304,"MILLER GENUINE DRAFT",0.63521111,29.9900269508362,19.0499992370606,10646.4599609375,"Oz","MILLER",0,0
3410015306,"MILLER GENUINE DRFT",0.47362673,4618416.32550049,2134947.13728619,1639537803.31641,"Oz","MILLER",0,0
3410015505,"MILLER GEN DRFT LT L",0.61336702,1119113.88232088,644767.337494373,397285430.28125,"Oz","MILLER",0,0
3410015525,"MILLER GENUINE DRFT",0.61923689,477459.237474442,274294.119269848,169498030.777344,"Oz","MILLER",0,0
3410015528,"MILLER GENUINE DRFT",0.57178885,1555102.90821075,837181.264168262,552061535.759766,"Oz","MILLER",0,0
3410015579,"MILLER GEN DRFT LT L",0.83214915,50117.3375241756,40815.9601855278,17791654.8162842,"Oz","MILLER",0,0
3410015602,"MILLER GENUINE DRAFT",0.58441502,1142008.26285839,634889.763417721,405412937.716797,"Oz","MILLER",0,0
3410016505,"MILLER RESERVE LT LN",0.66390198,33055.0081739426,21093.2496051788,11734528.1738281,"Oz","MILLER",0,0
3410017306,"MILLER GENUINE DRAFT",0.47426748,9145591.02024269,4222496.28355789,3246684815.02734,"Oz","MILLER",0,0
3410017505,"MILLER GEN DRFT LNNR",0.61394,2455118.65402556,1410313.07693267,871567122.647461,"Oz","MILLER",0,0
3410017525,"MILLER GENUINE DRAFT",0.62053001,1010040.1503644,579191.989268064,358564254.984375,"Oz","MILLER",0,0
3410017528,"MILLER GENUINE DRAFT",0.57404423,3380032.1096611,1822240.9872694,1199911401.2793,"Oz","MILLER",0,0
3410017579,"MILLER GENUINE DRAFT",0.83228981,91844.4642693996,75390.910050869,32604784.8792725,"Oz","MILLER",0,0
3410017602,"MILLER GENUINE DRAFT",0.58658457,2101389.26136684,1167134.56485128,745993192.59375,"Oz","MILLER",0,0
3410021505,"LOWENBRAU BEER NR BT",0.67256641,732110.56262207,463171.712416172,259899251.820312,"Oz","LOWENBRAU",1,1
3410021525,"LOWENBRAU BEER NR BT",0.63187671,11.9960107803345,7.57999992370605,4258.583984375,"Oz","LOWENBRAU",1,1
3410021526,"LOWENBRAU SPECIAL NR",0.69939917,539.820505142212,377.550008773804,191636.27734375,"Oz","LOWENBRAU",1,1
3410021528,"LOWENBRAU SPECIAL NR",0.67616791,218687.281507492,142452.74077034,77633986.2148438,"Oz","LOWENBRAU",1,1
3410021579,"LOWENBRAU BEER",0.85427219,21804.7505555153,18501.0899620056,7740686.45776367,"Oz","LOWENBRAU",1,1
3410022505,"LOWENBRAU DARK BEER",0.64113802,110435.277126789,68022.198133707,39204524.2177734,"Oz","LOWENBRAU",1,1
3410022525,"LOWENBRAU DARK BEER",0.58186007,11.9960107803345,6.97999954223633,4258.583984375,"Oz","LOWENBRAU",1,1
3410023505,"LOWENBRAU LIGHT NR B",0.63393158,85411.5982813835,52016.2287149429,30321118.0146484,"Oz","LOWENBRAU",1,1
3410029306,"MEISTER BRAU BEER",0.3236762,301195.84428978,93605.9586744308,106924526.640625,"Oz","MEISTER BRAU",0,0
3410029602,"MEISTER BRAU BEER",0.35422295,106656.534355164,37147.4287867546,37863070.3496094,"Oz","MEISTER BRAU",0,0
3410031306,"MILWAUKEE'S BEST BEE",0.3197346,700782.973892212,218595.357927322,248777959.722656,"Oz","MILWAUKEE'S BEST",0,0
3410031602,"MILWAUKEE'S BEST BEE",0.35718399,270066.196387291,95742.5976815224,95873501.4277344,"Oz","MILWAUKEE'S BEST",0,0
3410032505,"MILLER RESERVE LNNR",0.69172603,74597.1944260597,48567.199231863,26482004.5527344,"Oz","MILLER",0,0
3410048505,"LEINENKUGELS HONEY W",0.91109473,23704.1177902222,21570.9795703888,8414961.96386719,"Oz","LEINENKUGELS",0,0
3410050306,"LEINENKUGEL PREM REG",0.52463335,3574.81126403809,1850.50999832153,1269058.02734375,"Oz","LEINENKUGEL",0,1
3410050505,"LEINENKUGEL PREM REG",0.65611827,281324.453526974,178071.017260552,99870182.5058594,"Oz","LEINENKUGEL",0,1
3410050525,"LEINENKUGEL PREM REG",0.62418306,16536.5012464523,9990.90006351471,5870458.03710938,"Oz","LEINENKUGEL",0,1
3410050528,"LEINENKUGEL NR BTLS",0.65446579,63135.0059165955,39636.3395252228,22412927.5117188,"Oz","LEINENKUGEL",0,1
3410051505,"LEINNKGL LNGNCK PRM",0.63748002,53310.2726416588,33117.7194185257,18925147.2441406,"Oz","LEINENKUGEL",0,1
3410052505,"LEINENKUGEL LIMITED",0.78641278,84565.8795390129,63271.9193572998,30020887.8447266,"Oz","LEINENKUGEL",0,1
3410053505,"LEINENKUGEL BOCK BEE",0.79558522,26391.2243609428,19048.6097896099,9368884.79882812,"Oz","LEINENKUGEL",0,1
3410054574,"LEINENKUGEL 125TH AN",1.1561414,4054.65170097351,4459.53002166748,1439401.38476562,"Oz","LEINENKUGEL",0,1
3410057306,"MILLER LITE BEER",0.4742713,14091618.4493027,6539291.4254837,5002524544.10547,"Oz","MILLER",0,0
3410057505,"MILLER LITE LONGNECK",0.61412573,1874280.78609133,1082151.67055917,665369680.407227,"Oz","MILLER",0,0
3410057525,"MILLER LITE BEER N.R",0.62166703,792798.385262012,456020.567663193,281443428.317383,"Oz","MILLER",0,0
3410057528,"MILLER LITE BEER N.R",0.57335526,2846893.38359833,1544306.35625172,1010647152.70508,"Oz","MILLER",0,0
3410057579,"MILLER LITE NR BTLS",0.83277929,78293.4697129726,64295.130179882,27794181.7860107,"Oz","MILLER",0,0
3410057602,"MILLER LITE BEER",0.58733726,3228798.39674759,1812962.03171158,1146223433.58203,"Oz","MILLER",0,0
3410059505,"LEINENKUGEL RED LAGE",0.874713,101810.145601273,86456.8698687553,36142602.3642578,"Oz","LEINENKUGEL",0,1
3410059574,"LEINENKUGEL RED NR B",0.7973187,23860.0657911301,18415.948759079,8470323.55078125,"Oz","LEINENKUGEL",0,1
3410062302,"MILLER ICEHOUSE CANS",0.49933264,11.9960107803345,5.98999977111816,4258.583984375,"Oz","MILLER",0,0
3410062306,"MILLER ICEHOUSE CANS",0.48645401,523721.851285934,250136.881832123,185921259.972656,"Oz","MILLER",0,0
3410062505,"MILLER ICEHOUSE LN",0.63902384,408272.24461937,248863.850986481,144936647.789062,"Oz","MILLER",0,0
3410062528,"MILLER ICEHOUSE N.R.",0.5838505,737118.900816917,404404.19080162,261677211.132812,"Oz","MILLER",0,0
3410062602,"MILLER ICEHOUSE CANS",0.6466791,14131.3008680344,9109.22001266479,5016611.93945312,"Oz","MILLER",0,0
3410064306,"MILLER LITE ""ICE""",0.48482499,509230.670209885,242210.861703873,180776890.628906,"Oz","MILLER",0,0
3410064505,"MILLER LITE ""ICE"" L.",0.64656848,184186.754525185,112680.025114059,65386298.6386719,"Oz","MILLER",0,0
3410064528,"MILLER LITE ""ICE"" N.",0.57510155,449922.393900871,243791.62836647,159722451.238281,"Oz","MILLER",0,0
3410064602,"MILLER LITE ICE",0.60847378,29438.2108678818,17326.510055542,10450565.109375,"Oz","MILLER",0,0
3410067306,"MILLER RED DOG CANS",0.50632381,218543.329055786,108279.900705337,77582883.1757812,"Oz","MILLER",0,0
3410067505,"MILLER RED DOG NR BT",0.64479887,144276.025774479,91350.1967387199,51217989.7431641,"Oz","MILLER",0,0
3410067528,"MILLER RED DOG NR BT",0.60556668,353306.520507812,200301.730314255,125423815.654297,"Oz","MILLER",0,0
3410070505,"MILLER RESEVER AMBER",0.76181,25221.6130785942,18172.469959259,8953672.84179688,"Oz","MILLER",0,0
3410071505,"MILLER RESERVE VELVE",0.93197644,623.792561531067,581.359969139099,221446.3671875,"Oz","MILLER",0,0
3410078505,"LEINENKUGEL WINTER L",0.86397022,12979.6839351654,11035.4599728584,4607787.88671875,"Oz","LEINENKUGEL",0,1
3410079505,"LEINENKUGEL ICE",0.87957996,7701.43900489807,6637.91996192932,2734010.91699219,"Oz","LEINENKUGEL",0,1
3692011111,"GOOSE ISLAND ALE",0.89386857,53.9820485115051,47.509997844696,19163.6279296875,"Oz","GOOSE ISLAND",0,1
3692011115,"GOOSE ISLAND KILGUBB",0.98477179,53.9820489883423,52.9099979400635,19163.6279296875,"Oz","GOOSE ISLAND",0,1
3692011118,"GOOSE ISLAND",0.87362373,23.9920215606689,20.9599990844727,8517.16796875,"Oz","GOOSE ISLAND",0,1
3828194001,"DOM MICRO BREW MIX N",1.1619884,157855.511394024,182003.122154236,56038706.6484375,"Oz","DOM",1,1
3876630214,"ASAHI SUPER DRY BIG",1.2072351,379.673751711845,458.689979553223,134784.18359375,"Oz","ASAHI",1,0
3876636120,"ASAHI BEER",1.0546736,1481.50733613968,1558.02995109558,525935.122070312,"Oz","ASAHI",1,0
4006311676,"KIRIN LIGHT BEER NR",0.83194321,17.9940161705017,14.9699993133545,6387.8759765625,"Oz","KIRIN",1,0
4006311696,"KIRIN BEER NR BTL",0.89605653,7491.50877475739,6687.80987071991,2659485.69824219,"Oz","KIRIN",1,0
4006315706,"KIRIN DRY BEER NR BT",0.85478735,1949.35176467896,1660.44996738434,692019.897460938,"Oz","KIRIN",1,0
4052210016,"BELLS PALE ALE",1.0820264,5.99800539016724,6.48999977111816,2129.2919921875,"Oz","BELLS",0,0
4185100104,"TOSELLI NON-ALCOHOLI",2.6409931,2577.46484565735,6706.78997182846,915000,"ML","TOSELLI",1,1
4199900007,"PETE'S SEASONAL BREW",1.1997006,648.784282803535,781.529994010925,230318.421325684,"Oz","PETE'S WICKED",0,1
4257205715,"CLAUSTHALER GERMAN N",0.99608898,88050.7207040787,86096.1693630219,31258006.5058594,"Oz","CLAUSTHALER",1,0
4323700007,"NEW AMSTERDAM BLONDE",1.0198587,473.842426776886,486.209981918335,168214.067382812,"Oz","NEW AMSTERDAM",0,1
4323700008,"NEW AMSTERDAM BLACK/",1.0195055,119.960107803345,122.799995422363,42585.83984375,"Oz","NEW AMSTERDAM",0,1
4323700100,"NEW AMSTERDAM BEER",1.0195055,59.9800539016724,60.8999977111816,21292.919921875,"Oz","NEW AMSTERDAM",0,1
4323700200,"NEW AMSTERDAM ALE",0.99866527,35.9880323410034,35.939998626709,12775.751953125,"Oz","NEW AMSTERDAM",0,1
4323700300,"NEW AMSTERDAM LIGHT",1.1653874,17.9940161705017,20.9699993133545,6387.8759765625,"Oz","NEW AMSTERDAM",0,1
4327900100,"COORS PARTY BALL TAP",0.87336624,2627.12636470795,2286.80984687805,932629.892578125,"Oz","COORS",0,0
4523810001,"RAZOR'S EDGE",1.1814184,203.93218421936,240.159992218018,72395.927734375,"Oz","RAZOR'S",0,1
4948308600,"HACKER PSCHORR DARK",1.3321095,179.940161705017,239.699993133545,63878.759765625,"Oz","HACKER PSCHORR",1,1
4948311200,"HACKER-PSCHORR WEISS",1.4154705,2225.26002693176,3149.78992462158,789967.329101562,"Oz","HACKER PSCHORR",1,1
4948318000,"HACKER PSCHOOR NR BT",1.363547,5572.14703178406,7595.70978927612,1978112.26074219,"Oz","HACKER PSCHORR",1,1
4948361740,"PSCHORR BRAU WEISS N",1.4134876,14413.7237746715,20373.618966341,5116871.97650146,"Oz","HACKER PSCHORR",1,1
5093961201,"BOULDER PALE ALE",0.90274745,2939.02266311646,2617.5899181366,1043353.07617188,"Oz","BOULDER",0,1
5093961206,"BOULDER BROWN ALE",0.87849545,1397.5352640152,1213.1699590683,496125.034179688,"Oz","BOULDER",0,1
5093961207,"BOULDER AMBER",0.89171052,2789.07252836227,2448.74992465973,990120.776367188,"Oz","BOULDER",0,1
5230000002,"OLD MILWAUKEE LIGHT",0.46892241,40282.6046133041,18797.9495146275,14300325.0214844,"Oz","OLD MILWAUKEE",0,0
5230000012,"SCHLITZ BEER",0.40539667,54617.8388772011,20358.6300079823,19389332.9453125,"Oz","SCHLITZ",0,0
5230000022,"OLD MILWAUKEE BEER",0.46312767,151695.557130337,69451.4180752039,53851923.8583984,"Oz","OLD MILWAUKEE",0,0
5230000026,"OLD MILWAUKEE-REGULA",0.40026847,8151.95592021942,3173.89995539188,2893944.36328125,"Oz","OLD MILWAUKEE",0,0
5230000027,"OLD MILWAUKEE BEER N",0.42911977,10886.3796262741,4690.66996562481,3864664.80664062,"Oz","OLD MILWAUKEE",0,0
5230000035,"OLD MILWAUKEE N.A. C",0.44610131,281222.486945629,125702.457363129,99833984.5869141,"Oz","OLD MILWAUKEE",0,0
5230000042,"SCHLITZ MALT LIQUOR",0.59064543,2747.08650922775,1618.01994752884,975215.732421875,"Oz","SCHLITZ",0,0
5230000046,"SCHILTZ MALT LIQUOR",0.47650215,559.813829660416,244.539995670319,198733.911621094,"Oz","SCHILTZ",0,0
5230000047,"SCHLITZ MALT LIQUOR",0.52211916,12882.3824064732,6749.69987511635,4573245.83789062,"Oz","SCHLITZ",0,0
5230000057,"SCHLITZ RED BULL NR",0.53717858,1386.20564627647,744.639983177185,492103.017089844,"Oz","SCHLITZ",0,0
5230000201,"AUGSBURGER REG BEER",0.56852227,59.9800539016724,34.0999991893768,21292.919921875,"Oz","AUGSBURGER",0,1
5230000207,"AUGSBURGER DARK BEER",0.58640701,65.9780592918396,38.6899979114532,23422.2119140625,"Oz","AUGSBURGER",0,1
5230000208,"AUGSBURGER REG BEER",0.61087775,186801.88565588,107774.719805956,66314669.9599609,"Oz","AUGSBURGER",0,1
5230000211,"AUGSBURGER LIGHT BEE",0.58506262,2597.1363697052,1464.36999368668,921983.432617188,"Oz","AUGSBURGER",0,1
5230000214,"AUGSBURGER DARK BEER",0.59949893,36251.9453334808,20875.8598313332,12869440.8164062,"Oz","AUGSBURGER",0,1
5230000215,"AUGSBURGER BOCK BEER",0.6136933,5986.00947189331,3610.39991116524,2125033.41015625,"Oz","AUGSBURGER",0,1
5230000218,"AUGSBURGER GOLDEN NR",0.66605473,47.9840431213379,31.9599990844727,17034.3359375,"Oz","AUGSBURGER",0,1
5230000226,"AUGSBURGER BOCK BEER",0.52072865,17.9940161705017,9.3699996471405,6387.8759765625,"Oz","AUGSBURGER",0,1
5230000240,"AUGSBURGER GOLDEN",0.62611324,487343.95118618,288264.161741257,173007103.994141,"Oz","AUGSBURGER",0,1
5230000242,"AUGSBURGER DARK BEER",0.61988938,207590.97150135,123070.786062956,73694796.0419922,"Oz","AUGSBURGER",0,1
5230000243,"AUGSBURGER BOCK",0.61431485,53880.08344841,31915.8288378716,19127430.0019531,"Oz","AUGSBURGER",0,1
5230000289,"AUGSBURGER GOLDEN NR",1.013064,5.49817192554474,5.57000005245209,1951.85101318359,"Oz","AUGSBURGER",0,1
5230000349,"AUGSBURGER OKTOBERFE",0.66908205,3796.7375087738,2506.88992738724,1347841.83203125,"Oz","AUGSBURGER",0,1
5230000350,"OLD MILWAUKEE LONGNE",0.51961714,107.96409702301,56.3199980258942,38327.255859375,"Oz","OLD MILWAUKEE",0,0
5230000540,"OLD MILWAUKEE LIGHT",0.43099681,42070.0101575851,17995.189535141,14934854.0351562,"Oz","OLD MILWAUKEE",0,0
5230000548,"SCHLITZ ICE CAN",0.37668771,2957.01670503616,1117.5699865818,1049740.95507812,"Oz","SCHLITZ",0,0
5230000966,"OLD MILWAUKEE LIGHT",0.34666091,415061.980146408,141127.59728241,147347006.070312,"Oz","OLD MILWAUKEE",0,0
5230001300,"OLD MILWAUKEE N.A. B",0.55140328,19415.5437464714,10650.2796106339,6892518.18457031,"Oz","OLD MILWAUKEE",0,0
5230001301,"OLD MILWAUKEE N.A. B",0.48678482,21268.9274754524,10311.1799399853,7550469.41308594,"Oz","OLD MILWAUKEE",0,0
5230001966,"SCHLITZ REGULAR",0.33302736,2831.05858802795,942.819978713989,1005025.8203125,"Oz","SCHLITZ",0,0
5230002330,"OLD MILWAUKEE LONGNE",0.52134812,515.828464508057,268.999991416931,183119.111328125,"Oz","OLD MILWAUKEE",0,0
5230002540,"OLD MILWAUKEE BEER",0.43202916,136070.752139091,58373.3988513947,48305118.1660156,"Oz","OLD MILWAUKEE",0,0
5230002546,"OLD MILWAUKEE N/A BE",0.37388933,51318.9346313477,19124.0595855713,18218222.2890625,"Oz","OLD MILWAUKEE",0,0
5230002553,"OLD MILWAUKEE",0.29941502,24591.8233165741,7366.70019960403,8730097.24560547,"Oz","OLD MILWAUKEE",0,0
5230002554,"OLD MILWAUKEE LIGHT",0.29959959,13135.6324481964,3935.43009519577,4663149.49853516,"Oz","OLD MILWAUKEE",0,0
5230002966,"OLD MILWAUKEE BEER",0.34799933,833866.719213486,282280.315314293,296022690.457031,"Oz","OLD MILWAUKEE",0,0
6206701171,"LABATTS '50' ALE NR",0.8144291,5716.09919452667,4474.81986474991,2029215.26953125,"Oz","LABATTS",1,0
6206704971,"LABATTS BLUE LIGHT N",0.8309527,12985.6818404198,10487.0396881103,4609917.17382812,"Oz","LABATTS",1,0
6206704972,"LABATTS BLUE LIGHT N",0.99866527,17.9940166473389,17.9699993133545,6387.8759765625,"Oz","LABATTS",1,0
6206705155,"LABATT BLUE",0.885351,21882.7232761383,17798.8099870682,7768366.76928711,"Oz","LABATTS",1,0
6206705171,"LABATTS BLUE REG NR",0.84910035,90186.0106592178,73432.6783771515,32016034.4365234,"Oz","LABATTS",1,0
6206738072,"LABATTS BLUE NR BTLS",0.85949177,12871.7196850777,10779.5996694565,4569460.61816406,"Oz","LABATTS",1,0
6227405870,"MURPHY'S IRISH STOUT",1.2064413,4.96501588821411,5.99000024795532,1762.58056640625,"Oz","MURPHY'S IRISH",1,0
6810940359,"TENNENTS LAGERNR BTL",1.1653874,5.99800539016724,6.98999977111816,2129.2919921875,"Oz","TENNENTS",1,0
6821301112,"MOLSON EXPORT ALE NR",0.91285247,9134.9622759819,8233.26971149445,3242911.70410156,"Oz","MOLSON",1,0
6821302112,"MOLSON GOLDEN NR BTL",0.8586418,373783.708882332,293887.650114059,132693218.69043,"Oz","MOLSON",1,0
6821302117,"MOLSON GOLDEN N.R.'S",0.77256787,230347.404756546,163167.866988182,81773329.9257812,"Oz","MOLSON",1,0
6821303111,"MOLSON EXPORT ALE NR",0.99866527,35.9880323410034,35.939998626709,12775.751953125,"Oz","MOLSON",1,0
6821303112,"MOLSON CANADIAN BEER",0.80098546,31057.6724433899,23187.6789951324,11025473.9609375,"Oz","MOLSON",1,0
6821306112,"MOLSON LIGHT NR BTL",0.82687283,108467.93117094,84866.206489563,38506116.4511719,"Oz","MOLSON",1,0
6821309112,"MOLSON ICE",0.89452755,131404.304625988,109511.566588402,46648529.0361328,"Oz","MOLSON",1,0
6821309117,"MOLSON ICE N.R.",0.74580222,115557.573834419,82350.3064613342,41022939.6054688,"Oz","MOLSON",1,0
6821309451,"MOLSON ICE BIG CAN",1.0766078,39.9867031574249,43.2000000476837,14195.2796630859,"Oz","MOLSON",1,0
7031000030,"MICHEAL SHEAS VARIET",0.83277678,71.9760656356812,59.939995765686,25551.50390625,"Oz","MICHAEL SHEA'S",0,0
7031033006,"MICHAEL SHEA'S IRS A",0.80545717,34428.5513839722,27273.7091979981,12222136.0576172,"Oz","MICHAEL SHEA'S",0,0
7031037037,"JW DUNDEE HONEY BROW",0.83194321,239.920218467712,199.599995613098,85171.6796875,"Oz","JW DUNDEE'S",0,1
7089701123,"FOSTERS LAGER 6PK NR",1.0185779,82832.4554772377,82616.3772578239,29405522.4199219,"Oz","FOSTER'S LAGER",1,0
7089701331,"FOSTER'S LAGER",1.0792111,70772.3033370972,76027.3524349928,25124167.9731445,"Oz","FOSTER'S LAGER",1,0
7089713123,"JOHN COURAGE AMBER B",1.0992905,1583.47343111038,1730.35994338989,562133.0859375,"Oz","JOHN COURAGE",1,0
7089716123,"FOSTERS LAGER 6PK NR",1.0405651,587.804528713226,611.819954872131,208670.615234375,"Oz","FOSTER'S LAGER",1,0
7089718331,"FOSTER'S LAGER",1.120814,495.668536424637,548.87002325058,175962.333129883,"Oz","FOSTER'S LAGER",1,0
7125000018,"COLT 45 QT",0.37137344,48746.4574615955,18103.1397926807,17304992.4574585,"Oz","COLT 45",0,0
7125000019,"COLT 45 BEER NR BTL.",0.54754722,18303.9129109383,10069.6299598217,6497889.12744141,"Oz","COLT 45",0,0
7143922033,"ROLLING ROCK KING SI",1.0345094,1785.073138237,1834.76000165939,633700.963378906,"Oz","ROLLING ROCK",0,1
7143934500,"ROLLING ROCK PREM BE",0.68673182,317324.484037399,210681.935759068,112650192.982422,"Oz","ROLLING ROCK",0,1
7143934512,"ROLLING ROCK NR",0.737315,1091.63699817657,804.090002059937,387531.14453125,"Oz","ROLLING ROCK",0,1
7143934806,"ROLLING ROCK PREM BE",0.70056695,98055.3945727348,66271.5683641434,34809665.5683594,"Oz","ROLLING ROCK",0,1
7199000007,"COORS BEER",0.63497955,9938.69496107101,6318.77977323532,3528236.83007812,"Oz","COORS",0,0
7199000021,"COORS BEER N.R.BTLS",0.6338774,251.916228294373,159.180000305176,89430.263671875,"Oz","COORS",0,0
7199000025,"COORS LIGHT BEER N.R",0.64060974,281.906256198883,180.629998683929,100076.723632812,"Oz","COORS",0,0
7199000027,"COORS BEER",0.62307131,65378.2593531609,40518.8485937119,23209282.7167969,"Oz","COORS",0,0
7199000028,"COORS LIGHT BEER",0.62487662,125736.188827038,78011.5476870537,44636348.0566406,"Oz","COORS",0,0
7199000041,"COORS BEER N.R.BTLS",0.5919475,2771.07852935791,1555.26993751526,983732.8984375,"Oz","COORS",0,0
7199000047,"COORS BEER",0.54329008,369297.199108124,185797.926333427,131100508.177734,"Oz","COORS",0,0
7199000048,"COORS LIGHT BEER",0.55705023,731336.81570816,378390.77478075,259624573.251953,"Oz","COORS",0,0
7199009001,"COORS WINTERFEST BEE",0.83154064,10706.4398827553,8897.89999246597,3800786.21484375,"Oz","COORS",0,0
7199009501,"BLUE MOON HONEY BLON",1.0122567,1499.50135278702,1512.99994468689,532322.998046875,"Oz","BLUE MOON",0,1
7199009511,"BLUE MOON BELGIAN WH",1.0293378,2531.15829658508,2558.76991081238,898561.220703125,"Oz","BLUE MOON",0,1
7199009521,"BLUE MOON NUT BROWN",1.009241,1133.62302446365,1136.60995864868,402436.186523438,"Oz","BLUE MOON",0,1
7199009532,"BLUE MOON HARVEST PU",1.0641739,1145.61904335022,1215.54996490478,406694.770507812,"Oz","BLUE MOON",0,1
7199009541,"BLUE MOON RASPBERRY",1.0354395,4306.56789445877,4449.29984283447,1528831.65039062,"Oz","BLUE MOON",0,1
7199009561,"BLUE MOON ABBEY ALE",0.99866527,29.9900269508362,29.9499988555908,10646.4599609375,"Oz","BLUE MOON",0,1
7199010001,"COORS BEER",0.6395613,16901.0467381477,10555.5301486254,5999871.55114746,"Oz","COORS",0,0
7199010005,"COORS REG BEER PARTY",0.43872246,7378.71338653565,3211.01996994019,2619443.25195312,"Oz","COORS",0,0
7199010006,"COORS REGULAR LONGNE",0.61695516,140479.286827087,81569.7381739616,49870147.8271484,"Oz","COORS",0,0
7199011600,"COORS BEER",0.46891445,675591.348892212,306942.69645977,239834933.246094,"Oz","COORS",0,0
7199030001,"COORS LIGHT BEER",0.64622825,7418.86647009849,4756.47009336948,2633697.56549072,"Oz","COORS",0,0
7199030004,"COORS LIGHT BEER PAR",0.44837898,8535.07890319824,3814.44995689392,3029953.01171875,"Oz","COORS",0,0
7199030005,"COORS LIGHT LONGNECK",0.62584764,249607.00006485,149148.126585722,88610486.4628906,"Oz","COORS",0,0
7199031600,"COORS LIGHT BEER",0.47291827,1265003.36164093,581894.467842102,449076199.4375,"Oz","COORS",0,0
7199036400,"COORS LIGHT BEER N.R",0.60483843,12739.7636098862,7477.38974237442,4522616.19335938,"Oz","COORS",0,0
7199038006,"COORS RED LIGHT LNNR",0.6652211,155.948140144348,103.739994049072,55361.591796875,"Oz","COORS",0,0
7199038011,"COORS RED LIGHT NR B",0.66605473,23.9920215606689,15.9799995422363,8517.16796875,"Oz","COORS",0,0
7199047006,"KEYSTONE REGULAR BEE",0.35003322,135243.027051926,46727.4389152527,48011275.8554688,"Oz","KEYSTONE",0,0
7199047506,"KEYSTONE DRY BEER",0.35023871,6549.82192420959,2271.76994514465,2325186.85546875,"Oz","KEYSTONE",0,0
7199048006,"KEYSTONE LIGHT BEER",0.35069188,187233.739034653,64834.0486717224,66467978.921875,"Oz","KEYSTONE",0,0
7199066200,"HERMAN JOSEPHS SPECI",0.83194321,5.99800539016724,4.98999977111816,2129.2919921875,"Oz","HERMAN",0,0
7199070002,"KILLIAN'S IRISH RED",0.83000481,562654.90924263,445468.19000864,199742494.356445,"Oz","KILLIAN'S",0,1
7199070012,"KILLIAN'S IRISH RED",0.95780683,1997.33580136299,1897.38998293877,709054.215209961,"Oz","KILLIAN'S",0,1
7199070015,"KILLIAN'S IRISH RED",0.93906218,165.944816946983,153.370000243187,58910.4104614258,"Oz","KILLIAN'S",0,1
7199076400,"KILLIAN'S RED NR 12O",0.83109409,37043.6819019318,29797.9697303772,13150507.3554688,"Oz","KILLIAN'S",0,1
7199076502,"KILLIAN'S IRISH BRWN",0.81886375,803.732730388641,651.849987983704,285325.126953125,"Oz","KILLIAN'S",0,1
7199076601,"KILLIAN'S WILDE HONE",0.82504833,19277.5895957947,15500.6395998001,6843544.47558594,"Oz","KILLIAN'S",0,1
7199077005,"COORS CUTTER NON-ALC",0.6035468,261279.118198395,150245.66490984,92754088.6494141,"Oz","COORS",0,0
7199080003,"CASTLEMAINE XXXX",0.99866527,509.830460548401,509.149980545044,180989.819335938,"Oz","CASTLEMAINE",1,0
7199084001,"COORS ARTIC ICE NR B",0.64847422,1841.38769674301,1109.41998052597,653692.642578125,"Oz","COORS",0,0
7199084004,"COORS ARTIC ICE CANS",0.6400044,107.96409702301,69.2099990844727,38327.255859375,"Oz","COORS",0,0
7199084009,"COORS ARTIC ICE CANS",0.53265512,575.808519363403,305.759996414185,204412.03125,"Oz","COORS",0,0
7199090002,"COORS EXTRA GOLD BEE",0.4617666,101174.356100082,45915.0492048263,35916897.3476562,"Oz","COORS",0,0
7199090014,"COORS EXTRA GOLD BEE",0.63116497,12193.9450759888,7671.25004911423,4328850.62109375,"Oz","COORS",0,0
7199091200,"COORS EXTRA GOLD BEE",0.61385059,13069.6538157463,8007.25968122482,4639727.25097656,"Oz","COORS",0,0
7199091400,"COORS EXTRA GOLD BEE",0.5254631,58252.6291513443,29147.6492300034,20679683.8496094,"Oz","COORS",0,0
7204000002,"STROHS LIGHT BEER",0.50706637,77596.1967725754,39239.3199625015,27546650.5185547,"Oz","STROH'S",0,1
7204000006,"STROHS BEER N.R.BTLS",0.5900777,15610.8090929985,9194.9799669981,5541837.20031738,"Oz","STROH'S",0,1
7204000007,"STROHS BEER",0.54606164,1271.5771613121,684.110016345978,451409.890869141,"Oz","STROH'S",0,1
7204000009,"STROHS BEER",0.50766581,149734.209251881,75763.2499411106,53155645.3779297,"Oz","STROH'S",0,1
7204001110,"STROH'S BEER",0.40215671,45440.888941288,18240.0396966934,16131515.7126465,"Oz","STROH'S",0,1
7204001111,"STROHS BEER",0.036820572,4198.60414123535,151.819998264313,1490504.42578125,"Oz","STROH'S",0,1
7204001112,"STROH'S LIGHT",0.40113282,15522.8381004333,6216.99993896484,5510607.54394531,"Oz","STROH'S",0,1
7204001113,"STROHS BEER",0.038506575,16015125.3133697,596762.167460442,5685369438.79297,"Oz","STROH'S",0,1
7204001122,"STROHS REG LONGNECK",0.50753492,146081.424046993,72942.6196069717,51858906.5351562,"Oz","STROH'S",0,1
7204001123,"STROHS LIGHT LONGNEC",0.50123143,50503.2058596611,25013.5598108768,17928638.5712891,"Oz","STROH'S",0,1
7204001151,"STROHS BEER N.R.BTLS",0.66638225,2155.28326225281,1437.98002147675,765125.569824219,"Oz","STROH'S",0,1
7204004441,"STROHS LIGHT BEER",0.038316436,5548.15545654297,208.329998016357,1969595.1328125,"Oz","STROH'S",0,1
7204004443,"STROHS LIGHT BEER",0.038397342,8135695.10897827,303376.756008625,2888171720.36719,"Oz","STROH'S",0,1
7204004456,"STROHS NONALCOHOLIC",0.6298216,37997.3647146225,23816.3787374496,13489064.78125,"Oz","STROH'S",0,1
7204031232,"STROH'S",0.36081582,560423.66268158,196973.79229641,198950396.989258,"Oz","STROH'S",0,1
7204031310,"STROHS BEER",0.40933552,651719.290216446,258705.504566193,231360351.367188,"Oz","STROH'S",0,1
7204031313,"STROH'S DRAFT LIGHT",0.37687528,239.920227050781,90.4200029373169,85171.6796875,"Oz","STROH'S",0,1
7204031373,"STROH'S",0.37741673,8097.30770111084,3036.28010463715,2874544.16699219,"Oz","STROH'S",0,1
7204031374,"STROHS LIGHT BEER",0.36441252,10106.6396255493,3662.58006954193,3587856.98046875,"Oz","STROH'S",0,1
7204061321,"STROHS LIGHT BEER",0.40426067,274204.8191185,108324.976836204,97342712.9140625,"Oz","STROH'S",0,1
7204061328,"STROHS LIGHT BEER",0.35926732,263372.430351257,92530.9409780502,93497210.9873047,"Oz","STROH'S",0,1
7231111201,"WHITBREAD ALE NR BTL",1.2479148,47.9840440750122,59.879997253418,17034.3354492188,"Oz","WHITBREAD",1,0
7231113001,"PILSNER URQUELL NR B",1.2075889,461.846415996552,561.629989624023,163955.483398438,"Oz","PILSNER URQUELL",1,0
7231113003,"FOSTER'S LAGER",1.1015949,43987.4586319923,45961.0007528067,15615547.9763184,"Oz","FOSTER'S LAGER",1,0
7231133140,"DOS EQUIS AMBER LNNR",1.0493239,1415.52927494049,1459.81996917725,502512.91015625,"Oz","DOS EQUIS",1,0
7231163001,"PILSNER URQUELL NR B",1.2415425,36089.9989418984,44259.449256897,12811949.9257812,"Oz","PILSNER URQUELL",1,0
7231163006,"FOSTERS LAGER 6PK NR",1.0453475,287.904259681702,301.119976520538,102206.015625,"Oz","FOSTER'S LAGER",1,0
7231163009,"MOOSEHEAD BEER NR BT",0.85786837,460676.815800667,369261.802973747,163540271.826172,"Oz","MOOSEHEAD",1,0
7231163011,"DOS EQUIS BEER",0.96615708,143532.271429539,134352.477291107,50953957.4355469,"Oz","DOS EQUIS",1,0
7231163012,"DOS EQUIS BEER",0.98951334,16770.4232740402,16194.6395974159,5953500.41015625,"Oz","DOS EQUIS",1,0
7231163018,"MACKESON STOUT NR BT",1.2479148,55.9813847541809,69.8599967956543,19873.3913574219,"Oz","MACKESON",1,0
7231163029,"CLAUSTHALER GERMAN N",0.97324127,61533.5381717682,59022.5084648132,21844406.5595703,"Oz","CLAUSTHALER",1,0
7231163050,"MOOSEHEAD LIGHT NR B",0.81200904,47384.2431335449,37074.9886312485,16821406.7480469,"Oz","MOOSEHEAD",1,0
7231163075,"MOOSEHEAD ICE NR",0.8435213,20837.0710062981,16978.6096100807,7397160.39257812,"Oz","MOOSEHEAD",1,0
7231193040,"MOOSEHEAD BEER NR BT",0.76424658,128381.309776306,93946.9363546371,45575365.8398438,"Oz","MOOSEHEAD",1,0
7231195220,"DOS EQUIS AMBER",1.1722528,282.239490509033,328.860001802445,100195.01953125,"Oz","DOS EQUIS",1,0
7248001103,"SCHAEFER BEER CANS",0.37032047,647.784587860107,240.729995727539,229963.53515625,"Oz","SCHAEFER",0,0
7250900006,"STEINLAGERS ALE",1.1743189,407.864367008209,478.819984436035,144791.85546875,"Oz","STEINLAGERS",1,0
7250904006,"STEINLAGERS ALE",1.1653874,149.950134754181,174.749994277954,53232.2998046875,"Oz","STEINLAGERS",1,0
7262010105,"RANIER DRAFT REGULAR",0.3931492,1919.36184883118,744.039999008179,681373.447753906,"Oz","RANIER",0,0
7262010106,"RANIER DRAFT LIGHT C",0.39882609,879.707527160645,345.56000328064,312296.166015625,"Oz","RANIER",0,0
7272001431,"CARLINGS BLK LABEL R",0.42185366,17472.1901307106,7334.66990184784,6202627.58691406,"Oz","CARLING BLACK LABEL",1,0
7272001435,"CARLINGS BLK LABEL R",0.37261227,1295.56916999817,475.029987335205,459927.0703125,"Oz","CARLING BLACK LABEL",1,0
7278300100,"ANCHOR STEAM BEER NR",1.139625,11048.3261141777,12503.3597097397,3922155.85351562,"Oz","ANCHOR",0,1
7278300200,"ANCHOR PORTER",1.2435384,647.784582614899,804.919975280762,229963.53515625,"Oz","ANCHOR",0,1
7278300300,"ANCHOR STEAM ALE NR",1.2066292,1139.62103080749,1351.09994363785,404565.478515625,"Oz","ANCHOR",0,1
7289000007,"HEINEKEN KINGSIZE N.",1.1241575,88109.5028002262,98669.2206132412,31278873.4907227,"Oz","HEINEKEN",1,0
7289000011,"HEINEKEN BEER N.R.BT",1.0573539,1339876.47441482,1358994.08065987,475656151.197266,"Oz","HEINEKEN",1,0
7289000012,"HEINEKEN DARK BEER N",1.0124905,60088.0186219215,59036.3781466484,21331247.1875,"Oz","HEINEKEN",1,0
7289000016,"HEINEKEN NR BTLS.",1.0266199,966818.517647743,921967.408057213,343220576.947266,"Oz","HEINEKEN",1,0
7289000030,"BUCKLER NON ALCOHOLI",0.86740398,11888.0468797684,10122.0997552872,4220256.73242188,"Oz","BUCKLER",1,0
7289000059,"AMSTEL BIER",0.99866527,65.9780592918396,65.8899974822998,23422.2119140625,"Oz","AMSTEL",1,0
7289010011,"AMSTEL LIGHT BEER NR",1.0468975,309539.071108341,317459.783558369,109886372.118164,"Oz","AMSTEL",1,0
7289010016,"AMSTEL LIGHT BEER NR",1.0074937,194527.314638138,185842.467843056,69057198.0273438,"Oz","AMSTEL",1,0
7336010122,"WINDY CITY ALE NR 6P",0.87321788,2801.06854200363,2429.42992830276,994379.360351562,"Oz","WINDY",0,0
7336011107,"OLD STYLE DRAFT LNNR",0.62086827,5890.04133462906,3592.77986049652,2090964.73632812,"Oz","OLD STYLE",0,0
7336011110,"OLD STYLE DRAFT",0.6170789,7653.45491218567,4708.32975506783,2716976.58203125,"Oz","OLD STYLE",0,0
7336011112,"OLD STYLE DRAFT",0.51189196,17190.2836446762,8450.48977947235,6102550.8515625,"Oz","OLD STYLE",0,0
7336011114,"OLD STYLE DRAFT",0.42045528,285217.159244537,115488.057050705,101252093.109375,"Oz","OLD STYLE",0,0
7336011116,"OLD STYLE DRAFT N.R.",0.48473328,19445.5337963104,8842.29986190796,6903164.640625,"Oz","OLD STYLE",0,0
7336011209,"OLD STYLE BEER N.R.B",0.56696242,63675.4904873371,35556.7198411226,22604799.4458008,"Oz","OLD STYLE",0,0
7336011214,"OLD STYLE 30PK CANS",0.37487769,2944420.96176148,1040743.73658752,1045269437.85156,"Oz","OLD STYLE",0,0
7336011301,"OLD STYLE BEER",0.4519105,6424175.91172028,2748746.23469353,2280582450.71484,"Oz","OLD STYLE",0,0
7336011341,"OLD STYLE BEER",0.58096534,1201112.6090517,683129.226727009,426394981.251953,"Oz","OLD STYLE",0,0
7336011347,"OLD STYLE BEER",0.5826937,419.860388755798,244.649997711182,149050.44140625,"Oz","OLD STYLE",0,0
7336011356,"OLD STYLE PARTY PACK",0.35071868,678046.520475388,229641.888578415,240706516.290039,"Oz","OLD STYLE",0,0
7336011358,"O S RYL AMBR N.R. NO",0.58808124,74681.1663665771,42706.108407259,26511814.6318359,"Oz","ROYAL GUARD",1,0
7336011370,"OLD STYLE CAN",0.39903584,134035.432760239,53402.491083622,47582578.7963867,"Oz","OLD STYLE",0,0
7336011372,"OLD STYLE 30PK CANS",0.36171672,2754104.23945618,915499.765823364,977707002.005859,"Oz","OLD STYLE",0,0
7336011401,"OLD STYLE CLASSIC DR",0.61771429,22456.5323824883,13812.9497833252,7972069.22558594,"Oz","OLD STYLE",0,0
7336011402,"OLD STYLE CLASSIC DR",0.61853629,10832.3977842331,6679.18988800049,3845501.33984375,"Oz","OLD STYLE",0,0
7336011403,"OLD STYLE CLASSIC DR",0.59743208,27662.8010501862,16395.5793747902,9820294.66992188,"Oz","OLD STYLE",0,0
7336011404,"OLD STYLE CLASSIC DR",0.59477115,15198.9457445145,8964.06967639923,5395625.90625,"Oz","OLD STYLE",0,0
7336011405,"OLD STYLE CLASSIC DR",0.44450489,242007.527994156,99961.2788376808,85912673.4296875,"Oz","OLD STYLE",0,0
7336011406,"OLD STYLE CLSSC DRFT",0.44494331,89730.1621856689,38385.6093454361,31854208.2226562,"Oz","OLD STYLE",0,0
7336011411,"OLD STYLE CLASSIC DR",0.59951121,97701.5122070312,53606.4194011688,34684037.3212891,"Oz","OLD STYLE",0,0
7336011412,"OLD STYLE CLSC DRAFT",0.59342986,52482.5482258797,28968.9995265007,18631304.9726562,"Oz","OLD STYLE",0,0
7336011421,"OLD STYLE CLASSIC DR",0.38020372,135374.988830566,50732.1211462021,48058120.1367188,"Oz","OLD STYLE",0,0
7336011422,"OLD STYLE CLASSIC DR",0.37943378,91139.6965942383,34099.6906728745,32354591.6757812,"Oz","OLD STYLE",0,0
7336011423,"OLD STYLE CLASSIC DR",0.27259061,71348.2743561268,19448.8695007563,25328637.3533936,"Oz","OLD STYLE",0,0
7336011424,"OLD STYLE CLASSIC DR",0.27259061,37463.5416281223,10212.2095395327,13299557.4022217,"Oz","OLD STYLE",0,0
7336011431,"OLD STYLE CLASSIC DR",0.3470307,90030.0647029877,31049.7789344788,31960673.0444336,"Oz","OLD STYLE",0,0
7336011432,"OLD STYLE CLASSIC DR",0.34669173,38607.163110733,13368.5595993996,13705542.8969727,"Oz","OLD STYLE",0,0
7336011439,"OLD STYLE CLASSIC DR",0.39948264,14575.1540374756,5823.71019363403,5174179.61523438,"Oz","OLD STYLE",0,0
7336011440,"OLD STYLE CLASSIC DR",0.39953846,10596.4768886566,4233.70014047623,3761749.23779297,"Oz","OLD STYLE",0,0
7336011441,"OLD STYLE CLASSIC DR",0.35270575,209060.488288879,68680.411397934,74216472.3671875,"Oz","OLD STYLE",0,0
7336011442,"OLD STYLE CLASSIC DR",0.35128811,122809.166900635,40388.0509624481,43597253.4453125,"Oz","OLD STYLE",0,0
7336011522,"OLD STYLE ICE",0.42123792,303691.016439438,120791.297700882,107810312.546875,"Oz","OLD STYLE",0,0
7336011523,"OLD STYLE ICE NR BTL",0.54523861,7701.43898868561,4199.75990200043,2734010.91992188,"Oz","OLD STYLE",0,0
7336011524,"OLD STYLE ICE NR BTL",0.51206177,38147.3149032593,18746.5496554375,13542297.0820312,"Oz","OLD STYLE",0,0
7336011528,"OLD STYLE ICE LN NR",0.57994199,33930.7170958519,18802.0795934293,12045404.8212891,"Oz","OLD STYLE",0,0
7336011531,"OLD STYLE ICE LIGHT",0.55616736,62595.1862444878,33892.9690877199,22221291.2480469,"Oz","OLD STYLE",0,0
7336011542,"OLD STYLE ICE LIGHT",0.43853119,1175.60906410217,510.509970664978,417341.23046875,"Oz","OLD STYLE",0,0
7336011611,"OLD STYLE BEER N.R.B",0.63187671,5.99800539016724,3.78999996185303,2129.2919921875,"Oz","OLD STYLE",0,0
7336011638,"OLD STYLE BEER N.R.B",0.5660215,155.948141098022,88.2700004577637,55361.591796875,"Oz","OLD STYLE",0,0
7336011661,"OLD STYLE REG LONG N",0.60769206,524477.602386475,297238.404865265,186189550.722656,"Oz","OLD STYLE",0,0
7336011670,"OLD STYLE BEER",0.74466211,20022.6747846603,14820.8792393208,7108049.66552734,"Oz","OLD STYLE",0,0
7336011751,"OLD STYLE BEER",0.61072582,817222.262406349,497698.691546202,290113905.456055,"Oz","OLD STYLE",0,0
7336011754,"OLD STYLE BEER",0.53656,453809.08924818,214124.817639113,161102227.783447,"Oz","OLD STYLE",0,0
7336011905,"OLD STYLE BEER",0.66101211,72072.0343146324,47066.5699017048,25585572.1583252,"Oz","OLD STYLE",0,0
7336011906,"OLD STYLE BEER N.R.B",0.54666406,482011.722892761,236410.638585568,171114163.478516,"Oz","OLD STYLE",0,0
7336013301,"SPECIAL EXPORT CAN",0.50743073,13963.3566684723,7062.17996406555,4956991.7578125,"Oz","SPECIAL EXPORT",0,0
7336013403,"SPECIAL EXPORT REG N",0.60836011,10382.5476317406,6241.71978473663,3685804.45507812,"Oz","SPECIAL EXPORT",0,0
7336013405,"SPECIAL EXPORT REG N",0.60078746,17922.0404310226,10451.1001148224,6362324.48632812,"Oz","SPECIAL EXPORT",0,0
7336013412,"SPECIAL EXPORT LIGHT",0.60796803,3676.77736377716,2210.17990112305,1305255.99023438,"Oz","SPECIAL EXPORT",0,0
7336013414,"SPECIAL EXPORT LIGHT",0.59575075,2447.1862154007,1431.85998821258,868751.1328125,"Oz","SPECIAL EXPORT",0,0
7336013419,"SPECIAL EXPORT LIGHT",0.54143,287.904260635376,155.879999160767,102206.015625,"Oz","SPECIAL EXPORT",0,0
7336013611,"SPECIAL EXPORT REG N",0.63260806,316082.898220062,188414.116882324,112209429.623047,"Oz","SPECIAL EXPORT",0,0
7336013670,"SPECIAL EXPORT REG N",0.72667015,2850.385430336,2071.28999567032,1011886.84521484,"Oz","SPECIAL EXPORT",0,0
7336013751,"SPECIAL EXPORT REG C",0.67022276,1247.58512926102,833.219950675964,442892.732421875,"Oz","SPECIAL EXPORT",0,0
7336013752,"SPECIAL EXPORT REG N",0.60761672,57316.9408988953,32583.469938755,20347514.3066406,"Oz","SPECIAL EXPORT",0,0
7336013755,"SPECIAL EXPORT REG N",0.64528221,285984.904724121,179270.565413952,101524642.367188,"Oz","SPECIAL EXPORT",0,0
7336013757,"SPECIAL EXPORT REG N",0.61302155,281834.284201622,162201.050715447,100051172.291016,"Oz","SPECIAL EXPORT",0,0
7336035301,"OLD STYLE L.A. BEER",0.47345254,36659.8094139099,17186.0997600555,13014232.6640625,"Oz","OLD STYLE",0,0
7336035751,"OLD STYLE L.A. BEER",0.60467219,10760.4218082428,6483.89969682693,3819949.84082031,"Oz","OLD STYLE",0,0
7336039751,"CARLINGS BLK LABEL R",0.4318102,773.742706775665,334.109992742539,274678.666992188,"Oz","CARLING BLACK LABEL",1,0
7336043333,"KINGSBURY NON/ALCOHO",0.43215951,3670.77933073044,1553.70991873741,1303126.69921875,"Oz","KINGSBURY",0,0
7336043611,"KINGSBURY NON/ALCOHO",0.60840112,16818.4073824883,9811.35995173454,5970534.75195312,"Oz","KINGSBURY",0,0
7336043668,"KINGSBURY N/A LONGNE",0.64239204,24483.8583641052,15505.3397624493,8691769.91992188,"Oz","KINGSBURY",0,0
7336043751,"KINGSBURY NON/ALCOHO",0.55981266,14875.0535373688,8189.87983584404,5280644.13964844,"Oz","KINGSBURY",0,0
7336050301,"SPECIAL EXPORT LIGHT",0.50659251,7197.6065196991,3632.99997138977,2555150.390625,"Oz","SPECIAL EXPORT",0,0
7336050611,"SPECIAL EXPORT LIGHT",0.61920142,83216.3287596703,49346.8988115788,29541797.1914062,"Oz","SPECIAL EXPORT",0,0
7336050660,"SPECIAL EXPORT LIGHT",0.64488214,113128.38167572,70765.8877820969,40160576.3320312,"Oz","SPECIAL EXPORT",0,0
7336050662,"SPECIAL EXPORT LIGHT",0.59077847,15378.8860206604,8717.07990884781,5459504.67382812,"Oz","SPECIAL EXPORT",0,0
7336050665,"SPECIAL EXPORT LIGHT",0.60753179,73091.6948566437,42398.3599290848,25947552.2597656,"Oz","SPECIAL EXPORT",0,0
7336050751,"SPECIAL EXPORT LIGHT",0.68364829,143.952130317688,97.85999584198,51103.0078125,"Oz","SPECIAL EXPORT",0,0
7336068306,"OLD STYLE DRY BEER",0.44540951,16938.367433548,7411.93977642059,6013120.59765625,"Oz","OLD STYLE",0,0
7336068661,"OLD STYLE DRY LONGNE",0.56239659,21064.9954423904,11139.8401348591,7478073.49414062,"Oz","OLD STYLE",0,0
7336068741,"OLD STYLE DRY BEER",0.56989992,5950.0213804245,3386.83999824524,2112257.65625,"Oz","OLD STYLE",0,0
7336068756,"OLD STYLE DRY BEER",0.59548819,5242.25675773621,3117.21979856491,1861001.20214844,"Oz","OLD STYLE",0,0
7336077661,"SPECIAL EXPORT DARK",0.60909927,41314.2618188858,24354.3792386055,14666563.2548828,"Oz","SPECIAL EXPORT",0,0
7336077663,"SPECIAL EXPORT DARK",0.63655657,36827.7535886765,22921.2492523193,13073852.8496094,"Oz","SPECIAL EXPORT",0,0
7336088301,"CARLINGS BLK LABEL L",0.37470788,47.9840431213379,17.9799995422363,17034.3359375,"Oz","CARLING BLACK LABEL",1,0
7336088751,"CARLINGS BLK LABEL L",0.42625278,89.9700808525085,38.0499985218048,31939.3798828125,"Oz","CARLING BLACK LABEL",1,0
7336091405,"WEINHARDS BOAR'S HEA",0.74684691,37343.5824599266,26825.8691015243,13256971.9794922,"Oz","WEINHARDS",0,0
7336097102,"OLD STYLE LT BONUS P",0.39928499,37507.5289726257,14975.2204523086,13315172.7177734,"Oz","OLD STYLE",0,0
7336097104,"OLD STYLE LIGHT 30 P",0.35922977,782589.788215637,259465.243026733,277819372.326172,"Oz","OLD STYLE",0,0
7336097202,"OLD STYLE BEER N.R.B",0.49334505,71580.1975393295,33016.5094442368,25410970.6621094,"Oz","OLD STYLE",0,0
7336097301,"OLD STYLE LT BONUS 6",0.44173959,1458043.17978859,608980.992558479,517605333.273438,"Oz","OLD STYLE",0,0
7336097305,"OLD STYLE LT BONUS 6",0.34783086,841040.348243713,283114.250545502,298569323.902344,"Oz","OLD STYLE",0,0
7336097341,"OLD STYLE LIGHT BEER",0.57054991,188985.156236649,105005.897024155,67089732.1464844,"Oz","OLD STYLE",0,0
7336097343,"OLD STYLE LIGHT 30 P",0.37485096,951073.767753601,336747.761474609,337631184.235352,"Oz","OLD STYLE",0,0
7336097345,"OLD STYLE LT BONUS P",0.34955901,909697.532299042,304381.133072853,322942624.551758,"Oz","OLD STYLE",0,0
7336097347,"OLD STYLE BONUS PACK",0.31197351,352730.702682495,110039.464794159,125219399.839844,"Oz","OLD STYLE",0,0
7336097348,"OLD STYLE LIGHT BEER",0.5826937,47.9840431213379,27.9599990844727,17034.3359375,"Oz","OLD STYLE",0,0
7336097356,"OLD STYLE LIGHT PART",0.34901941,179972.151613236,60784.6995449066,63890114.3974609,"Oz","OLD STYLE",0,0
7336097638,"OLD STYLE LIGHT BEER",0.5660215,143.952129364014,81.4799995422363,51103.0078125,"Oz","OLD STYLE",0,0
7336097661,"OLD STYLE LIGHT LONG",0.59983873,97269.6548690796,55527.5789527893,34530728.2734375,"Oz","OLD STYLE",0,0
7336097670,"OLD STYLE LIGHT BEER",0.70523441,18.6604614257812,13.1599998474121,6624.4638671875,"Oz","OLD STYLE",0,0
7336097751,"OLD STYLE LIGHT BEER",0.6071921,177894.845401764,102556.786720038,63152671.2197266,"Oz","OLD STYLE",0,0
7336097754,"OLD STYLE LIGHT BEER",0.52352327,52470.551472187,25313.2796547413,18627045.8728027,"Oz","OLD STYLE",0,0
7336098621,"CHAMPALE PINK N.R.BT",0.92280674,19.9933516979217,18.4500002861023,7097.63977050781,"Oz","CHAMPALE",0,0
7336098671,"CHAMPALE EXTRA DRY N",0.92280674,11.996011018753,11.0700001716614,4258.58386230469,"Oz","CHAMPALE",0,0
7336098678,"CHAMPALE GOLDEN N R",0.92280674,35.9880330562592,33.2100005149841,12775.7515869141,"Oz","CHAMPALE",0,0
7454900020,"CARTA BLANCA BEER N.",1.0375671,41.9860377311706,43.6299986839294,14905.0439453125,"Oz","CARTA BLANCA",1,0
7527608060,"MOUSSY NON-ALCOHOLIC",0.97816658,1753.91679382324,1712.31006240845,622640.452636719,"Oz","MOUSSY",1,0
7642091111,"PYRAMID BEST BROWN A",1.3017963,77.9740700721741,100.869997024536,27680.7958984375,"Oz","PYRAMID",0,1
7642091112,"PYRAMID PALE ALE",1.318216,71.9760646820068,94.879997253418,25551.50390625,"Oz","PYRAMID",0,1
7642091117,"PYRAMID HEFEWEIZEN",1.3321095,173.942157745361,231.709993362427,61749.4677734375,"Oz","PYRAMID",0,1
7642091119,"PYRAMID APRICOT ALE",1.3321095,149.950134754181,199.749994277954,53232.2998046875,"Oz","PYRAMID",0,1
8066094433,"ST PAULI GIRL BIG BT",1.2137595,1680.6411690712,2038.61993503571,596627.615234375,"Oz","ST PAULI GIRL",1,0
8066095301,"PACIFICO N.R. BOTTLE",1.0823206,1895.36971664429,2035.1199131012,672856.26953125,"Oz","PACIFICO",1,0
8066095401,"CORONITA N.R. BOTTLE",1.5444542,314.895309686661,484.600025653839,111787.834106445,"Oz","CORONA",1,0
8066095603,"CORONA BIG BTL.",1.18374,7160.45253074169,8488.07994532585,2541960.64508057,"Oz","CORONA",1,0
8066095605,"CORONA EXTRA BEER NR",0.96648461,1108713.33789873,1028249.26061964,393593238.072266,"Oz","CORONA",1,0
8066095615,"CORONA EXTRA BEER NR",0.94778055,466980.720662117,421568.92754364,165778157.789062,"Oz","CORONA",1,0
8066095625,"CORONA EXTRA LIGHT N",0.95597613,168639.922413349,156235.137899876,59867173.7578125,"Oz","CORONA",1,0
8066095755,"MODELO ESPECIAL",0.98950469,6471.84791374207,6268.20978355408,2297506.05761719,"Oz","MODELO",1,0
8066095765,"MODELO ESPECIAL",0.99866527,371.876343727112,371.379995346069,132016.103515625,"Oz","MODELO",1,0
8066095785,"MODELO NEGRA N.R.BOT",0.96659184,21472.8597650528,20376.6795129776,7622865.35253906,"Oz","MODELO",1,0
8066095855,"PERONI BEER",1.3269225,2189.27197360992,2907.54992675781,777191.577148438,"Oz","PERONI",1,0
8066095935,"ST PAULI GIRL BEER N",1.0071677,205143.785059929,192835.039423466,72826044.8476562,"Oz","ST PAULI GIRL",1,0
8066095937,"ST PAULI GIRL LAGER",0.94357115,34440.5476531982,31394.2792253494,12226394.6601562,"Oz","ST PAULI GIRL",1,0
8066095945,"ST PAULI GIRL DK BEE",0.96566218,13111.6399359703,12150.7396910191,4654632.296875,"Oz","ST PAULI GIRL",1,0
8087201512,"WEINHARDS PALE ALE W",0.73339283,6849.72227334976,4878.82979488373,2431651.45996094,"Oz","WEINHARDS",0,0
8178012111,"NAKED ASPEN RASP WHE",1.1653874,401.866363048554,468.329984664917,142662.563476562,"Oz","NAKED ASPEN",0,1
8178012121,"NAKED ASPEN PALE ALE",1.1653874,221.926199913025,258.629991531372,78783.8037109375,"Oz","NAKED ASPEN",0,1
8178012141,"NAKED ASPEN HONEY WH",1.1653874,287.904258728027,335.519989013672,102206.015625,"Oz","NAKED ASPEN",0,1
8178051239,"COLD SPRING PALE ALE",0.89481723,1085.63898181915,959.689969301224,385401.850585938,"Oz","COLD SPRING",0,1
8178052250,"COLD SPRINGS RIVER R",0.90404749,1259.58114051819,1134.39996147156,447151.318359375,"Oz","COLD SPRING",0,1
8205410441,"WARSTEINER GERMAN BE",0.94067502,161.946146011353,153.72999382019,57490.8837890625,"Oz","WARSTEINER",1,0
8205410444,"WARSTEINER GERMAN BE",0.93461168,104335.306152344,95155.0585184097,37039034.2773438,"Oz","WARSTEINER",1,0
8205410665,"WARSTEINER LIGHT (GE",0.90084571,3352.88503789902,2965.3699092865,1190274.22460938,"Oz","WARSTEINER",1,0
8205430441,"WARSTEINER GERMAN BE",1.2139226,3964.54835319519,4794.04984366894,1407414.68310547,"Oz","WARSTEINER",1,0
8205480441,"WARSTEINER",0.86779469,22072.6601552963,18352.4497289658,7835794.52929688,"Oz","WARSTEINER",1,0
8239300039,"DIXIE BLACKENED VOOD",1.1653874,353.882320404053,412.40998840332,125628.227539062,"Oz","DIXIE",0,0
8248800009,"BECKS REGULAR BEER",1.0895649,85557.9511355162,91658.4902485609,30373072.6430664,"Oz","BECK'S",1,0
8248812300,"BECK'S REG BEER NR B",0.95763379,506363.62604332,461657.734008789,179759088.890625,"Oz","BECK'S",1,0
8248812345,"BECK'S REG BEER NR B",0.97683167,1383368.01325083,1261322.1759553,491095647.351562,"Oz","BECK'S",1,0
8248812356,"BECK'S DARK BEER NR'",0.96377647,353594.421236515,325117.874804497,125526021.75293,"Oz","BECK'S",1,0
8248812400,"BECKS DARK",1.0588136,4810.40041923523,4748.99002838135,1707692.1875,"Oz","BECK'S",1,0
8248812500,"BECK'S LIGHT NR BTLS",0.89697486,3790.73944234848,3365.57994222641,1345712.54101562,"Oz","BECK'S",1,0
8248812650,"BECK'S DARK BEER BAM",1.1206607,12618.554689765,13875.0900865793,4479586.92230225,"Oz","BECK'S",1,0
8248812700,"HAACK-BECK NON-ALCHL",1.067212,56291.2812719345,59345.9983091354,19983405.3652344,"Oz","HAACK-BECK",1,0
8248812830,"BECK'S LIGHT NR BTLS",0.94228923,152019.449360371,137658.907160759,53966905.6220703,"Oz","BECK'S",1,0
8248812910,"BECK'S OKTOBERFEST B",1.0311761,34248.6115550995,33554.2196025848,12158257.2685547,"Oz","BECK'S",1,0
8248812920,"BECK'S OKTOBERFEST B",1.1653874,29.9900269508362,34.9499988555908,10646.4599609375,"Oz","BECK'S",1,0
8328000001,"GUINESS STOUT",1.3644356,9797.33376944065,13069.8998191357,3478053.53872681,"Oz","GUINNESS STOUT",1,1
8332600020,"YOUNGS SPECIAL LONDO",1.6655536,71.9760646820068,119.879985809326,25551.50390625,"Oz","YOUNGS",1,0
8370601415,"DUVEL BELGIUM SPECIA",1.5821925,47.9840431213379,75.9199981689453,17034.3359375,"Oz","DUVEL",1,0
8374100005,"GROLSCH BEER N.R.BTL",1.0603524,52614.5039334297,54940.4093489647,18678149.3632812,"Oz","GROLSCH",1,0
8374100007,"GROLSCH SWING TOP BE",1.4132688,9538.16176152229,13010.6697390079,3386047.39019775,"Oz","GROLSCH",1,0
8378337521,"SIERRA NEVADA PALE A",1.060405,80793.1345295906,84256.3083362579,28681563.1640625,"Oz","SIERRA NEVADA",0,1
8378347521,"SIERRA NEVADA PORTER",1.0492393,6507.83588075638,6769.62975597382,2310281.81054688,"Oz","SIERRA NEVADA",0,1
8378357521,"SIERRA NEVADA STOUT",1.0485287,7029.66235780716,7319.4197435379,2495530.21484375,"Oz","SIERRA NEVADA",0,1
8382007131,"BASS ALE NR BTLS",1.1785576,254303.437822819,290537.16682303,90277722.03125,"Oz","BASS",1,0
8382007331,"BASS ALE KING SIZE B",1.3754396,24430.2085659504,31925.0394335985,8672724.21875,"Oz","BASS",1,0
8382007531,"BASS ALE NR BTL",1.1224102,5434.19296073914,5985.42998886108,1929138.54492188,"Oz","BASS",1,0
8382008131,"COUNTRY CHASE ALE",1.2487484,893.702811717987,1116.00997543335,317264.5078125,"Oz","COUNTRY",1,0
8382012360,"GUINNESS PUB DRAUGHT",1.2087753,84271.9802484512,100472.600490093,29916552.7912598,"Oz","GUINNESS STOUT",1,1
8382012393,"GUINNESS STOUT N.R.B",1.2674755,264560.027340412,323556.073212624,93918811.2832031,"Oz","GUINNESS STOUT",1,1
8382012455,"GUINESS STOUT",1.5269698,17850.3226017952,26000.1393094063,6336864.60949707,"Oz","GUINNESS STOUT",1,1
8382023471,"HARP IRISH LAGER BTL",1.3701297,7168.84945452213,9617.16960549355,2544941.60366821,"Oz","HARP",1,0
8382023473,"HARP LAGER NR BTLS",1.1211511,154856.506296158,167119.416091919,54974060.7402344,"Oz","HARP",1,0
8382056793,"RED STRIPE N.R. BTLS",1.1336124,30349.9077124596,33740.9194803238,10774217.4863281,"Oz","RED STRIPE",1,0
8382072553,"KALIBER NON-ALCH NR",0.81866068,106746.503887653,86179.3189530373,37895009.6591797,"Oz","KALIBER",0,0
8417323130,"BERGHOFF RED BEER",0.76210505,33858.741145134,23968.8494200706,12019853.3056641,"Oz","BERGHOFF",0,1
8417324130,"AUGSBURGER REG BEER",0.6127066,75286.9659366608,44153.8689062595,26726873.1757812,"Oz","AUGSBURGER",0,1
8417324132,"BERGHOFF OCTOBERFEST",0.7614032,4240.58990621567,3198.42990493774,1505409.44433594,"Oz","BERGHOFF",0,1
8417325130,"AUGSBURGER DARK BEER",0.60277337,28634.478325367,16397.0595946312,10165239.9960938,"Oz","AUGSBURGER",0,1
8417327130,"AUGSBURGER LIGHT BEE",0.58951002,19541.5018792152,10956.7197473049,6937233.3203125,"Oz","AUGSBURGER",0,1
8417330130,"BERGHOFF REGULAR BEE",0.65708512,596453.67104435,354465.347223282,211741054.811523,"Oz","BERGHOFF",0,1
8417331130,"BERGHOFF DARK BEER N",0.65442181,275764.302729607,165660.437784433,97896328.8310547,"Oz","BERGHOFF",0,1
8417332130,"BERGHOFF BOCK BEER N",0.72966951,16650.4632081986,11997.8996958733,5910914.58398438,"Oz","BERGHOFF",0,1
8549800005,"PETE'S WICKED ALE",1.1021955,7484.84466409683,8024.42993247509,2657119.8581543,"Oz","PETE'S WICKED",0,1
8549811113,"PETES WICKED STRAW B",0.99041337,7743.42504024506,7659.38973045349,2748915.96289062,"Oz","PETE'S WICKED",0,1
8549812345,"PETE'S HOLIDAY SAMPL",1.156556,2615.13039493561,3022.82002449036,928371.3125,"Oz","PETE'S WICKED",0,1
8549822223,"PETES WICKED MULTI G",0.98664206,941.686852931976,929.9299659729,334298.842773438,"Oz","PETE'S WICKED",0,1
8549833332,"PETES WICKED PALE AL",0.99103928,4240.58985328674,4198.39985561371,1505409.43945312,"Oz","PETE'S WICKED",0,1
8549844442,"PETES WICKED OKTOBER",0.99379778,11126.3002090454,10870.9796676636,3949836.63867188,"Oz","PETE'S WICKED",0,1
8549845670,"PETE'S SEASONAL BREW",0.8942647,40708.4636898041,35430.9298610687,14451504.7890625,"Oz","PETE'S WICKED",0,1
8549855552,"PETES WICKED MAPLE P",0.99211317,3364.8810505867,3334.86987686157,1194532.80761719,"Oz","PETE'S WICKED",0,1
8549866662,"PETE'S SEASONAL BREW",0.94339454,7545.49091529846,7016.61980295181,2678649.32910156,"Oz","PETE'S WICKED",0,1
8549873401,"PETE'S WICKED HONEY",0.91630536,28976.3645191193,26033.5694613457,10286609.6298828,"Oz","PETE'S WICKED",0,1
8549873736,"PETE'S WICKED LAGER",0.91140872,8415.20169830322,7538.16983270645,2987396.67089844,"Oz","PETE'S WICKED",0,1
8549873837,"PETE'S WICKED ALE",0.9131602,106488.589989185,94890.4186769724,37803450.1113281,"Oz","PETE'S WICKED",0,1
8549873942,"PETE'S WICKED SEASON",0.95002872,37529.5205702782,35341.799217701,13322980.0419922,"Oz","PETE'S WICKED",0,1
8549874011,"PETE'S WICKED RED",0.91160613,26481.1941299439,23803.8693947792,9400824.14746094,"Oz","PETE'S WICKED",0,1
8572501501,"SAMUEL SMITH PALE AL",1.9989978,5.99800539016724,11.9899997711182,2129.2919921875,"Oz","SAMUEL SMITH",1,1
8572501503,"SAMUEL SMITH NUT BRO",1.6655536,29.9900269508362,49.9499940872192,10646.4599609375,"Oz","SAMUEL SMITH",1,1
8572511509,"SAM SMITH OATMEAL ST",1.3862941,53.9820494651794,44.7099981307983,19163.6279296875,"Oz","SAMUEL SMITH",1,1
8590200015,"DOS EQUIS BEER",0.93197644,11.9960107803345,11.1799993515015,4258.583984375,"Oz","DOS EQUIS",1,0
8739699916,"BLACK DOG ALE",0.91512364,6279.91172075272,5642.51986217499,2229368.71777344,"Oz","BLACK DOG",0,1
8739699922,"BLACK DOG PALE ALE",1.1259357,775.242236971855,870.36999464035,275210.994689941,"Oz","BLACK DOG",0,1
8739699938,"BLACK DOG HONEY RASP",0.92886299,1979.34179878235,1828.19994258881,702666.358398438,"Oz","BLACK DOG",0,1
8769210012,"SAMUEL ADAMS LAGER N",0.90183264,1301135.35814905,1134981.93754816,461903054.324219,"Oz","SAMUEL ADAMS",0,1
8769210014,"SAMUEL ADAMS LAGERNR",0.90981311,318014.254302979,274388.730962753,112895061.570312,"Oz","SAMUEL ADAMS",0,1
8769210508,"SAMUEL ADAMS WINTER",1.1779872,14363.2236018181,16609.0200200081,5098944.41821289,"Oz","SAMUEL ADAMS",0,1
8769211216,"SAMUEL ADAMS LAGER K",1.119832,13196.8118950129,14218.4497175217,4684868.23632812,"Oz","SAMUEL ADAMS",0,1
8769220012,"SAM ADAMS LIGHTSHIP",0.94443387,6225.92966222763,5815.59982585907,2210205.08886719,"Oz","SAMUEL ADAMS",0,1
8769226102,"SAMUEL ADAMS SCOTCH",0.92984384,55415.572748661,50395.9689798355,19672528.7441406,"Oz","SAMUEL ADAMS",0,1
8769227102,"SAM ADAMS CHERRY WHE",1.0777507,33426.8847813606,35865.1803865433,11866544.2900391,"Oz","SAMUEL ADAMS",0,1
8769227200,"SAM ADAMS CHERRY WHE",1.2466872,335.38848555088,417.209999084473,119062.911804199,"Oz","SAMUEL ADAMS",0,1
8769228102,"SAM ADAMS OLD FEZZIW",1.1064789,7893.37527513504,8581.90007209778,2802148.265625,"Oz","SAMUEL ADAMS",0,1
8769228400,"SAMUEL ADAMS OLD FEZ",1.0673949,758.0812895298,806.460032463074,269118.860473633,"Oz","SAMUEL ADAMS",0,1
8769229103,"SAM ADAMS WINTER CLA",0.99832892,9548.82480430603,9538.04007911682,3389832.8515625,"Oz","SAMUEL ADAMS",0,1
8769230030,"SAMUEL ADAMS BOSTON",0.91492712,200663.2754879,177522.818342686,71235463.7978516,"Oz","SAMUEL ADAMS",0,1
8769230040,"SAMUEL ADAMS OCTOBER",1.0059968,165592.937327862,161234.649027348,58785493.5263672,"Oz","SAMUEL ADAMS",0,1
8769230060,"SAMUEL ADAMS LAGER N",0.83194321,107.96409702301,89.819995880127,38327.255859375,"Oz","SAMUEL ADAMS",0,1
8769231022,"SAMUEL ADAMS SEASONA",0.90973419,342.719383597374,311.250003814697,121665.38067627,"Oz","SAMUEL ADAMS",0,1
8769232022,"SAMUEL ADAMS BOSTON",1.0792958,1733.75686812401,1795.82999551296,615483.688598633,"Oz","SAMUEL ADAMS",0,1
8769239102,"SAMUEL ADAMS GOLDEN",0.93320614,103447.601583004,93876.598651886,36723899.0585938,"Oz","SAMUEL ADAMS",0,1
8769240020,"SAMUEL ADAMS CREAM S",0.9381094,65696.1541304588,60355.0986776352,23322135.203125,"Oz","SAMUEL ADAMS",0,1
8769240501,"SAMUEL ADAMS HONEY P",0.90247822,146495.287133217,129079.4584589,52005827.7910156,"Oz","SAMUEL ADAMS",0,1
8769241022,"SAMUEL ADAMS CREAM S",1.0917901,2455.8501149416,2614.14998269081,871826.789978027,"Oz","SAMUEL ADAMS",0,1
8769241102,"SAMUEL ADAMS SEASONA",1.1534389,713.762654781342,824.779979705811,253385.747070312,"Oz","SAMUEL ADAMS",0,1
8769241103,"SAMUEL ADAMS SEASONA",0.9994989,23.9920215606689,23.9799995422363,8517.16796875,"Oz","SAMUEL ADAMS",0,1
8769241522,"SAMUEL ADAMS HONEY P",1.0903658,3375.8775434494,3602.41997289658,1198436.52783203,"Oz","SAMUEL ADAMS",0,1
8769250040,"SAMUEL ADAMS SEASONA",1.0802661,18095.9826188087,18820.8997735977,6424073.95898438,"Oz","SAMUEL ADAMS",0,1
8769251216,"SAMUEL ADAMS CRNBRY",1.1011013,665.778633594513,730.020011305809,236351.412109375,"Oz","SAMUEL ADAMS",0,1
8769290102,"LONGSHOT AMERICAN PA",1.044073,4456.51803636551,4649.02989196777,1582063.95019531,"Oz","LONGSHOT",0,0
8769291100,"LONGSHOT BLACK LAGER",1.0820264,41.9860382080078,45.4300003051758,14905.0439453125,"Oz","LONGSHOT",0,0
8769291102,"LONGSHOT BLACK LAGER",1.0434725,2987.00670385361,3109.47991752625,1060387.41210938,"Oz","LONGSHOT",0,0
8769292100,"LONGSHOT HAZELNUT BR",1.0627892,89.9700808525085,95.8499965667725,31939.3798828125,"Oz","LONGSHOT",0,0
8769292102,"LONGSHOT HAZELNUT BR",1.0443054,6075.97951126099,6328.36985015869,2156972.78808594,"Oz","LONGSHOT",0,0
8780000004,"COORS CAN",0.46664813,6392.87438678741,2897.32999372482,2269470.40454102,"Oz","COORS",0,0
8780000005,"COORS LIGHT",0.47143734,8482.17969655991,3922.38998746872,3011173.78894043,"Oz","COORS",0,0
8797501350,"SAPPORO DRAFT BEER N",0.94877839,17508.1779379845,16409.0995345116,6215403.328125,"Oz","SAPPORO",1,0
8797502650,"SAPPORO DRAFT BEER C",1.0945138,40343.7525764704,42947.749363184,14322032.163269,"Oz","SAPPORO",1,0
8797511350,"SAPPORO DRY BEER NR",0.93197644,1445.51930332184,1347.18993282318,513159.370117188,"Oz","SAPPORO",1,0
8813040389,"LITTLE KINGS CRM ALE",0.77368659,37409.5593547821,28303.7890467644,13280393.796875,"Oz","LITTLE KINGS",0,0
8813041888,"LITTLE KINGS CREAM A",0.41713867,63.31227684021,26.409999370575,22475.8588867188,"Oz","LITTLE KINGS",0,0
8834510002,"MCEWANS SCOTCH ALE N",1.2413931,1877.37569999695,2324.36993598938,666468.393554688,"Oz","MCEWANS SCOTCH",1,0
8834510005,"NEWCASTLE BROWN ALE",1.2308297,12481.8494544029,15233.7897901535,4431056.64257812,"Oz","NEWCASTLE",1,0
8834510050,"MCEWANS SCOTCH ALE N",1.3321095,5.99800539016724,7.98999977111816,2129.2919921875,"Oz","MCEWANS SCOTCH",1,0
8839400002,"SPATEN PREMIUM LAGER",1.1653874,1835.38967180252,2138.93995285034,651563.350585938,"Oz","SPATEN",1,0
8839400004,"SPATEN SPECIAL DARK",1.1653874,1055.64895391464,1230.2399597168,374755.390625,"Oz","SPATEN",1,0
8839400006,"SPATEN OKTOBERFEST",0.99866527,653.782599449158,652.909971237183,232092.826171875,"Oz","SPATEN",1,0
8839400017,"FRANZISKANER HEFE-WE",1.2316881,13142.4214586019,16234.490116477,4665559.66781616,"Oz","FRANZISKANER",1,0
8873320622,"POINT BOCK BEER",0.70356721,131.956119537353,91.3799953460693,46844.423828125,"Oz","POINT",0,1
8873320641,"POINT BEER LNNR BTLS",0.68662328,91853.4563064575,60642.318965435,32607977.6484375,"Oz","POINT",0,1
8873320648,"POINT PALE ALE",0.72484159,1127.62502861023,803.109961509705,400306.89453125,"Oz","POINT",0,1
8885700060,"SUNTORY DRY BEER NR",0.91530424,125.958113193512,115.289995193481,44715.1318359375,"Oz","SUNTORY",1,0
8920000826,"TECATE BEER",0.96532089,299.900272369385,289.500001907349,106464.599609375,"Oz","TECATE",1,0
8928600008,"TECATE BEER",0.96532089,11.9960107803345,11.579999923706,4258.583984375,"Oz","TECATE",1,0
8952341503,"COOPERS STOUT",1.1086675,809.730731487274,888.149971008301,287454.418945312,"Oz","COOPERS",1,1
8954019937,"DOUBLE DIAMOND BEER",1.2487484,1463.51331806183,1827.55994606018,519547.24609375,"Oz","DOUBLE",0,0
8954031104,"ST PAULI GIRL BEER N",1.0411317,39041.0176153183,39080.5095896721,13859561.5791016,"Oz","ST PAULI GIRL",1,0
8954031108,"ST PAULI GIRL DK BEE",1.0171263,7485.51076889038,7376.88982629776,2657356.40527344,"Oz","ST PAULI GIRL",1,0
8982600009,"TECATE BEER CANS",0.91460568,37115.6581315994,31426.4091749191,13176058.8652344,"Oz","TECATE",1,0
8982600041,"TECATE BEER",0.96397787,1025.65892839432,987.480004310608,364108.930664062,"Oz","TECATE",1,0
8982600200,"CARTA BLANCA BEER N.",1.0295397,179.940161705017,185.39999628067,63878.759765625,"Oz","CARTA BLANCA",1,0
8982600600,"WATNEY'S RED",1.2920167,1751.41758823395,2202.57993888855,621753.263671875,"Oz","WATNEY'S",0,1
8982650001,"TECATE N.R. BTLS",0.88607085,45069.013176918,38350.9790754318,15999500.0527344,"Oz","TECATE",1,0
8982660001,"CARTA BLANCA N.R. BT",0.99374944,4624.46220397949,4472.46986198425,1641684.12597656,"Oz","CARTA BLANCA",1,0
8982670001,"BOHEMIA N.R. BOTTLES",1.0390027,6783.74415493011,6913.18984699249,2408229.24121094,"Oz","BOHEMIA",1,0
8982690002,"TECATE / 4 WRAPPED 6",0.59781075,10340.5615291595,5915.91998672485,3670899.39453125,"Oz","TECATE",1,0
8982690027,"TECATE LIGHT N.R. BT",0.80867964,695.76862859726,556.839979171753,246997.87109375,"Oz","TECATE",1,0
8982690090,"TECATE LIGHT CANS",0.92479092,419.860378742218,377.279987096786,149050.439453125,"Oz","TECATE",1,0
9067200001,"BEER OF AMERICA SAMP",1.6495483,69.9767351150513,112.930009841919,24841.7404785156,"Oz","BEER OF AMERICA",0,0
9200000013,"OLD MILWAUKEE ICE",0.39846578,23.9920215606689,9.55999946594238,8517.16796875,"Oz","OLD MILWAUKEE",0,0
9200000206,"OLD MILWAUKEE ICE",0.3727532,2207.26600074768,796.519983291626,783579.453125,"Oz","OLD MILWAUKEE",0,0
9200000207,"RED RIVER LAGER",0.83194321,161.946145534515,134.72999382019,57490.8837890625,"Oz","RED RIVER",0,1
9530113001,"ROGUE ALE",1.4988315,17.9940161705017,26.9699993133545,6387.8759765625,"Oz","ROGUE",0,1
9530113008,"ROGUE ALE",1.4988315,41.9860377311706,62.9299983978271,14905.0439453125,"Oz","ROGUE",0,1
9530113017,"ROGUE DEAD GUY ALE",2.4499052,60.4798911809921,148.169992446899,21470.3611450195,"Oz","ROGUE",0,1
9530113027,"ROGUE HAZELNUT BROWN",2.4499052,20.1599637269974,49.3899974822998,7156.78704833984,"Oz","ROGUE",0,1
9530113100,"ROGUE AMERICAN AMBER",0.99866527,65.9780592918396,65.8899974822998,23422.2119140625,"Oz","ROGUE",0,1
9530113103,"ROGUE OREGON ALE",0.99866527,29.9900269508362,29.9499988555908,10646.4599609375,"Oz","ROGUE",0,1
9651312352,"DUSSELDORFER PALE AL",1.1653874,65.9780592918396,76.8899974822998,23422.2119140625,"Oz","DUSSELDORFER",0,1
9651312353,"DUSSELDORFER AMBER A",1.1653874,119.960107803345,139.799995422363,42585.83984375,"Oz","DUSSELDORFER",0,1
9651312357,"DUSSELDORFER DARK AL",1.1653874,41.9860377311706,48.9299983978271,14905.0439453125,"Oz","DUSSELDORFER",0,1
9709631767,"OREGON BREWERY INDIA",0.83194321,17.9940161705017,14.9699993133545,6387.8759765625,"Oz","OREGON",0,1
9781611110,"CHICAGO'S LEGACY LAG",0.93197644,11.9960107803345,11.1799993515015,4258.583984375,"Oz","LEGACY",0,1
9781611111,"LEGACY LAGER BEER",0.9164272,14539.1653323174,13107.8897476196,5161403.79296875,"Oz","LEGACY",0,1
9781622222,"LEGACY RED ALE",1.0820264,137.954125881195,149.269998550415,48973.7158203125,"Oz","LEGACY",0,1
9781644444,"BIG SHOULDERS BEER",1.0820264,143.952129364014,155.759994506836,51103.0078125,"Oz","BIG SHOULDERS",0,0
9893110006,"BADERBRAU BEER NR BT",0.95738101,189213.082298756,172548.85940361,67170645.2666016,"Oz","BADERBRAU",0,1
9893110007,"BADERBRAU BOCK",0.96684515,11702.1086602211,11015.3297867775,4154248.68164062,"Oz","BADERBRAU",0,1
9893110017,"BADERBRAU BOCK",0.97365701,11.9960107803345,11.6799998283386,4258.583984375,"Oz","BADERBRAU",0,1
60260010000,"LEZAJSK LAGER BEER",1.0693729,10127.0329322815,10822.8102765083,3595096.65808106,"Oz","LEZAJSK",1,0
60272500010,"MURPHYS IRSH DRAUGHT",1.4134876,902.44157230854,1275.58991777897,320366.764190674,"Oz","MURPHY'S IRISH",1,0
60272500017,"MURPHYS IRSH AMBER (",1.0781264,3700.76935863495,3983.82994651794,1313773.15917969,"Oz","MURPHY'S IRISH",1,0
71960700003,"RHINO CHASERS LAGER",0.94702876,1217.59510231018,1139.44996261597,432246.274414062,"Oz","RHINO CHASERS",0,0
71960700004,"RHINO CHASERS LAGER",0.95698476,101.966091632843,97.3299961090088,36197.9638671875,"Oz","RHINO CHASERS",0,0
71960700011,"RHINO CHASERS AMERIC",0.99866527,17.9940161705017,17.9699993133545,6387.8759765625,"Oz","RHINO CHASERS",0,0
71975120103,"MORETTI N.R. BTLS",1.1544546,15774.7543840408,17104.9997262955,5600037.9453125,"Oz","MORETTI",1,0
73321001102,"DEVIL MOUNTAIN FIVE",0.93339729,4156.61780738831,3806.55993556976,1475599.3515625,"Oz","DEVIL",0,1
73321002102,"DEVIL MTN RAILROAD G",0.93543291,2885.04062795639,2642.68994140625,1024189.44824219,"Oz","DEVIL",0,1
73321003102,"DEVIL MOUNTAIN BLK H",0.93652344,2585.14034461975,2391.68993186951,917724.848632812,"Oz","DEVIL",0,1
73588811206,"CELIS WHITE ALE",1.18819,7317.56661176682,8699.96972608566,2597736.23046875,"Oz","CELIS",0,1
73588821206,"CELIS PALE BOCK",1.1898466,1139.62102651596,1356.59995651245,404565.478515625,"Oz","CELIS",0,1
73588841206,"CELIS GRAND CRU ALE",1.1922992,1853.38366889954,2209.90993118286,657951.225585938,"Oz","CELIS",0,1
73588851206,"CELIS RASPBERRY",1.1954107,4990.34050655365,5973.65981483459,1771570.9375,"Oz","CELIS",0,1
73692011111,"GOOSE ISLAND HONKERS",0.92928112,174847.86063242,158359.63914156,62070991.1162109,"Oz","GOOSE ISLAND",0,1
73692011115,"GOOSE ISLAND KILGUBB",0.95340389,21898.7181248665,20638.8696670532,7774045.078125,"Oz","GOOSE ISLAND",0,1
73692011118,"GOOSE ISLAND SEASONA",0.90986913,36785.7680459023,32188.3498497009,13058947.8095703,"Oz","GOOSE ISLAND",0,1
73692011121,"GOOSE ISLAND HEXNUT",0.99500453,27572.8313136101,27344.3891839981,9788355.3046875,"Oz","GOOSE ISLAND",0,1
73692011122,"GOOSE ISLAND SEASONA",0.97470218,23068.3293848038,22523.42973423,8189257.01367188,"Oz","GOOSE ISLAND",0,1
73692011125,"GOOSE ISLAND BLONDE",0.99837333,3352.88505935669,3343.84988975525,1190274.22558594,"Oz","GOOSE ISLAND",0,1
74305820299,"STATE STREET AMBER A",0.91368461,79581.5371522903,71253.8991327286,28251446.2128906,"Oz","STATE STREET",0,1
74305821299,"STATE STREET MIDNIGH",0.89339137,22204.6162323952,19515.4195671082,7882638.95800781,"Oz","STATE STREET",0,1
74305822299,"STATE STREET SPEAKEA",0.8968364,29732.1131796837,26168.6494827271,10554900.4208984,"Oz","STATE STREET",0,1
75089900001,"DORTMUNDER BEER",1.2487484,5.99800539016724,7.48999977111816,2129.2919921875,"Oz","DORTMUNDER",1,0
75889620100,"KOZEL PREMIUM CZECH",1.3896127,4592.45621168613,6356.79971587658,1630321.97866821,"Oz","KOZEL",0,0
76227405870,"MURPHY'S IRISH STOUT",1.1828247,2780.40883302689,3176.90001440048,987045.116210938,"Oz","MURPHY'S IRISH",1,0
76810940359,"TENNENTS LAGER",1.3058352,4105.63485383987,5241.32978105545,1457500.36560059,"Oz","TENNENTS",1,0
78036971960,"SHIPYARD EXPORT ALE",1.199234,3238.9229221344,3897.09988307953,1149817.67675781,"Oz","SHIPYARD",0,1
78036991902,"SHIPYARD GOAT ISLAND",1.1961516,569.810512542725,682.049978256226,202282.739257812,"Oz","SHIPYARD",0,1
78036991904,"SHIPYARD BLUE FIN ST",1.1974926,1001.66690063477,1200.82996177673,355591.762695312,"Oz","SHIPYARD",0,1
78036991907,"SHIPYARD GOAT ISLAND",1.2116991,431.856388568878,524.279983520508,153309.0234375,"Oz","SHIPYARD",0,1
78036991993,"SHIPYARD OLD THUMPER",1.2125045,2735.09046554565,3314.43989562988,970957.1484375,"Oz","SHIPYARD",0,1
78146821155,"BLUE RIDGE-WHEAT",1.1468627,125.958113193512,144.789995193481,44715.1318359375,"Oz","BLUE RIDGE",0,0
78146839357,"BLUE RIDGE AMBER LAG",1.1495091,131.956118583679,151.7799949646,46844.423828125,"Oz","BLUE RIDGE",0,0
78146840193,"BLUE RIDGE GOLDEN AL",1.1601774,233.922210216522,271.609991073608,83042.3876953125,"Oz","BLUE RIDGE",0,0
79067200001,"BEER OF AMERICA SAMP",1.4956673,10796.4101734161,15382.2001810074,3832725.60791016,"Oz","BEER OF AMERICA",0,0
79709631767,"OREGON BREWERY INDIA",0.89629781,49801.4397354126,43611.3593673706,17679511.4667969,"Oz","OREGON",0,1
79709633767,"OREGON HEFEWEIZEN",0.99866527,485.838441848755,485.18998336792,172472.651367188,"Oz","OREGON",0,1
79709634767,"OREGON BREWERY NUTBR",0.88942069,35622.15467453,31001.0295562744,12645865.171875,"Oz","OREGON",0,1
79709635767,"OREGON RASPBERRY WHE",0.90706044,51594.8432836533,45815.1692171097,18316169.7363281,"Oz","OREGON",0,1
79709636767,"OREGON HONEY RED ALE",0.89179391,22744.436732769,19892.8795881271,8074275.24316406,"Oz","OREGON",0,1
79709637102,"OREGON BLACKBERRY PO",0.91905046,4288.57391309738,3876.28991508484,1522443.77441406,"Oz","OREGON",0,1
79709638102,"OREGON SUMMER GOLD",0.99739367,1073.6429848671,1065.0999546051,381143.266601562,"Oz","OREGON",0,1
